-- MariaDB dump 10.19  Distrib 10.5.16-MariaDB, for Linux (x86_64)
--
-- Host: localhost    Database: learn_vietnamese
-- ------------------------------------------------------
-- Server version	10.5.16-MariaDB

/*!40101 SET @OLD_CHARACTER_SET_CLIENT=@@CHARACTER_SET_CLIENT */;
/*!40101 SET @OLD_CHARACTER_SET_RESULTS=@@CHARACTER_SET_RESULTS */;
/*!40101 SET @OLD_COLLATION_CONNECTION=@@COLLATION_CONNECTION */;
/*!40101 SET NAMES utf8mb4 */;
/*!40103 SET @OLD_TIME_ZONE=@@TIME_ZONE */;
/*!40103 SET TIME_ZONE='+00:00' */;
/*!40014 SET @OLD_UNIQUE_CHECKS=@@UNIQUE_CHECKS, UNIQUE_CHECKS=0 */;
/*!40014 SET @OLD_FOREIGN_KEY_CHECKS=@@FOREIGN_KEY_CHECKS, FOREIGN_KEY_CHECKS=0 */;
/*!40101 SET @OLD_SQL_MODE=@@SQL_MODE, SQL_MODE='NO_AUTO_VALUE_ON_ZERO' */;
/*!40111 SET @OLD_SQL_NOTES=@@SQL_NOTES, SQL_NOTES=0 */;

--
-- Table structure for table `cards`
--

DROP TABLE IF EXISTS `cards`;
/*!40101 SET @saved_cs_client     = @@character_set_client */;
/*!40101 SET character_set_client = utf8 */;
CREATE TABLE `cards` (
  `id` int(11) NOT NULL AUTO_INCREMENT,
  `word` varchar(32) COLLATE utf8mb4_unicode_ci NOT NULL,
  `translation` varchar(128) COLLATE utf8mb4_unicode_ci NOT NULL,
  PRIMARY KEY (`id`)
) ENGINE=InnoDB AUTO_INCREMENT=226 DEFAULT CHARSET=utf8mb4 COLLATE=utf8mb4_unicode_ci;
/*!40101 SET character_set_client = @saved_cs_client */;

--
-- Dumping data for table `cards`
--
-- ORDER BY:  `id`

LOCK TABLES `cards` WRITE;
/*!40000 ALTER TABLE `cards` DISABLE KEYS */;
INSERT INTO `cards` VALUES (1,'ai','who');
INSERT INTO `cards` VALUES (2,'anh','older brother; you (male peer)');
INSERT INTO `cards` VALUES (3,'áo khoác','jacket');
INSERT INTO `cards` VALUES (4,'ăn','eat');
INSERT INTO `cards` VALUES (5,'bạn','friend');
INSERT INTO `cards` VALUES (6,'bao nhiêu','how much, how many');
INSERT INTO `cards` VALUES (7,'bằng','by (a certain means of transport)');
INSERT INTO `cards` VALUES (8,'bận','busy');
INSERT INTO `cards` VALUES (9,'bây giờ','now');
INSERT INTO `cards` VALUES (10,'bệnh','sick; disease');
INSERT INTO `cards` VALUES (11,'biết','know; can (auxiliary verb)');
INSERT INTO `cards` VALUES (12,'buổi sáng','morning');
INSERT INTO `cards` VALUES (13,'buồn','sad');
INSERT INTO `cards` VALUES (14,'bưu điện','post office');
INSERT INTO `cards` VALUES (15,'cà phê','coffee');
INSERT INTO `cards` VALUES (16,'cám ơn','thank');
INSERT INTO `cards` VALUES (17,'cảm','a cold');
INSERT INTO `cards` VALUES (18,'cảm thấy','feel');
INSERT INTO `cards` VALUES (19,'cao','tall; high');
INSERT INTO `cards` VALUES (20,'cần','need');
INSERT INTO `cards` VALUES (21,'cẩn thận','careful(ly)');
INSERT INTO `cards` VALUES (22,'cha','father');
INSERT INTO `cards` VALUES (23,'chai','bottle');
INSERT INTO `cards` VALUES (24,'chào','hello; goodbye');
INSERT INTO `cards` VALUES (25,'chạy','run');
INSERT INTO `cards` VALUES (26,'chết','die; stop working');
INSERT INTO `cards` VALUES (27,'chị','older sister, you (female peer)');
INSERT INTO `cards` VALUES (28,'chợ','market');
INSERT INTO `cards` VALUES (29,'chơi','play');
INSERT INTO `cards` VALUES (30,'chỗ','place (n); seat (n)');
INSERT INTO `cards` VALUES (31,'chúc','wish');
INSERT INTO `cards` VALUES (32,'chúng ta','we/us');
INSERT INTO `cards` VALUES (33,'có','have');
INSERT INTO `cards` VALUES (34,'có lẽ','maybe; perhaps');
INSERT INTO `cards` VALUES (35,'có thể','can (auxiliary verb)');
INSERT INTO `cards` VALUES (36,'con','child/children');
INSERT INTO `cards` VALUES (37,'còn','there is still ... left; what about ... ?');
INSERT INTO `cards` VALUES (38,'cơm','rice');
INSERT INTO `cards` VALUES (39,'cuối','end');
INSERT INTO `cards` VALUES (40,'cửa','door');
INSERT INTO `cards` VALUES (41,'cười','smile/laugh');
INSERT INTO `cards` VALUES (42,'cứu','rescue (v)');
INSERT INTO `cards` VALUES (43,'dậy','get up (out of bed)');
INSERT INTO `cards` VALUES (44,'dễ','easy');
INSERT INTO `cards` VALUES (45,'du lịch','travel (for pleasure)');
INSERT INTO `cards` VALUES (46,'dùng','use (v)');
INSERT INTO `cards` VALUES (47,'đám cưới','wedding');
INSERT INTO `cards` VALUES (48,'đau','pain (n); sick (adj)');
INSERT INTO `cards` VALUES (49,'đâu','where');
INSERT INTO `cards` VALUES (50,'đầu','head (n); beginning (n)');
INSERT INTO `cards` VALUES (51,'đẹp','beautiful');
INSERT INTO `cards` VALUES (52,'đến','arrive/come; until; to');
INSERT INTO `cards` VALUES (53,'đi','go');
INSERT INTO `cards` VALUES (54,'đọc','read');
INSERT INTO `cards` VALUES (55,'đói','hungry');
INSERT INTO `cards` VALUES (56,'đón','catch (a means of transport); pick (a friend) up');
INSERT INTO `cards` VALUES (57,'đồ ăn','food');
INSERT INTO `cards` VALUES (58,'độc thân','single/unmarried');
INSERT INTO `cards` VALUES (59,'đổi','change (v); exchange (v)');
INSERT INTO `cards` VALUES (60,'đũa','chopstick(s)');
INSERT INTO `cards` VALUES (61,'đúng','correct (adj); exactly');
INSERT INTO `cards` VALUES (62,'đứng','stand (v)');
INSERT INTO `cards` VALUES (63,'đường','street; road');
INSERT INTO `cards` VALUES (64,'em','younger sibling; term of address for people younger than you; used by/for ones wife or girlfriend');
INSERT INTO `cards` VALUES (65,'gặp','meet (v)');
INSERT INTO `cards` VALUES (66,'gần','near; almost');
INSERT INTO `cards` VALUES (67,'ghét','hate (v)');
INSERT INTO `cards` VALUES (68,'ghế','chair');
INSERT INTO `cards` VALUES (69,'ghiền','be addicted to');
INSERT INTO `cards` VALUES (70,'gì','what');
INSERT INTO `cards` VALUES (71,'gia đình','family');
INSERT INTO `cards` VALUES (72,'giá','cost, price');
INSERT INTO `cards` VALUES (73,'già','old');
INSERT INTO `cards` VALUES (74,'giáo dục','education');
INSERT INTO `cards` VALUES (75,'giàu','rich');
INSERT INTO `cards` VALUES (76,'giận','angry');
INSERT INTO `cards` VALUES (77,'giấy','paper');
INSERT INTO `cards` VALUES (78,'gió','wind');
INSERT INTO `cards` VALUES (79,'giỏi','good; competent; well (adv)');
INSERT INTO `cards` VALUES (80,'giờ','time');
INSERT INTO `cards` VALUES (81,'giới thiệu','introduce; recommend');
INSERT INTO `cards` VALUES (82,'giúp','help (v)');
INSERT INTO `cards` VALUES (83,'giữ','keep (v); hold (v)');
INSERT INTO `cards` VALUES (84,'giữa','in the middle; between');
INSERT INTO `cards` VALUES (85,'giường','bed');
INSERT INTO `cards` VALUES (86,'gọi','call (v); order (v)');
INSERT INTO `cards` VALUES (87,'gửi','send');
INSERT INTO `cards` VALUES (88,'hết','get over (an illness); finished; done with');
INSERT INTO `cards` VALUES (89,'hiểu','understand');
INSERT INTO `cards` VALUES (90,'hình','picture/photo');
INSERT INTO `cards` VALUES (91,'họ','they/them; family name');
INSERT INTO `cards` VALUES (92,'hoa','flower');
INSERT INTO `cards` VALUES (93,'học','study; learn');
INSERT INTO `cards` VALUES (94,'hỏi','ask');
INSERT INTO `cards` VALUES (95,'hơi','rather; kind of');
INSERT INTO `cards` VALUES (96,'hơn','more than');
INSERT INTO `cards` VALUES (97,'hôm nay','today');
INSERT INTO `cards` VALUES (98,'ít','little; few');
INSERT INTO `cards` VALUES (99,'khác','different');
INSERT INTO `cards` VALUES (100,'khách','guest; visitor');
INSERT INTO `cards` VALUES (101,'khát','thirsty');
INSERT INTO `cards` VALUES (102,'khi nào','When?');
INSERT INTO `cards` VALUES (103,'khó','difficult');
INSERT INTO `cards` VALUES (104,'khỏe','fine (adj), well (adj) (speaking of health)');
INSERT INTO `cards` VALUES (105,'khô','dry (adj)');
INSERT INTO `cards` VALUES (106,'không','no; not');
INSERT INTO `cards` VALUES (107,'khuya','late (at night)');
INSERT INTO `cards` VALUES (108,'kia','that; there');
INSERT INTO `cards` VALUES (109,'kiếm','look for');
INSERT INTO `cards` VALUES (110,'ký','sign (v)');
INSERT INTO `cards` VALUES (111,'lá','leaf');
INSERT INTO `cards` VALUES (112,'là','be');
INSERT INTO `cards` VALUES (113,'lại','again; back');
INSERT INTO `cards` VALUES (114,'làm','do; work (v)');
INSERT INTO `cards` VALUES (115,'lạnh','cold (adj)');
INSERT INTO `cards` VALUES (116,'lát','moment');
INSERT INTO `cards` VALUES (117,'lắm','very; much');
INSERT INTO `cards` VALUES (118,'lầm','wrong; mistaken');
INSERT INTO `cards` VALUES (119,'lần','time (ocassion)');
INSERT INTO `cards` VALUES (120,'lâu','a long time');
INSERT INTO `cards` VALUES (121,'lầu','floor (level in a building)');
INSERT INTO `cards` VALUES (122,'lấy','get');
INSERT INTO `cards` VALUES (123,'lên','get on (a means of transport); increase (v)');
INSERT INTO `cards` VALUES (124,'lo','worry');
INSERT INTO `cards` VALUES (125,'lớn','big, large');
INSERT INTO `cards` VALUES (126,'luật','law');
INSERT INTO `cards` VALUES (127,'lúc','at (a certain time)');
INSERT INTO `cards` VALUES (128,'màu','color (n)');
INSERT INTO `cards` VALUES (129,'máy hình','camera');
INSERT INTO `cards` VALUES (130,'mắc','expensive');
INSERT INTO `cards` VALUES (131,'mặn','salty');
INSERT INTO `cards` VALUES (132,'mặt','face (n)');
INSERT INTO `cards` VALUES (133,'mất','lose');
INSERT INTO `cards` VALUES (134,'mấy','a few');
INSERT INTO `cards` VALUES (135,'mệt','tired; tiring');
INSERT INTO `cards` VALUES (136,'miền','region');
INSERT INTO `cards` VALUES (137,'mọi người','everyone');
INSERT INTO `cards` VALUES (138,'món (ăn)','dish (of food)');
INSERT INTO `cards` VALUES (139,'mở','open');
INSERT INTO `cards` VALUES (140,'mới','new');
INSERT INTO `cards` VALUES (141,'mời','invite (v)');
INSERT INTO `cards` VALUES (142,'mùa','season (n)');
INSERT INTO `cards` VALUES (143,'mưa','rain');
INSERT INTO `cards` VALUES (144,'mừng','happy; glad');
INSERT INTO `cards` VALUES (145,'nay/này','this/these');
INSERT INTO `cards` VALUES (146,'năm','year');
INSERT INTO `cards` VALUES (147,'nấu','cook (v)');
INSERT INTO `cards` VALUES (148,'ngày','day');
INSERT INTO `cards` VALUES (149,'nghe','listen');
INSERT INTO `cards` VALUES (150,'ngon','delicious');
INSERT INTO `cards` VALUES (151,'ngọt','sweet (adj)');
INSERT INTO `cards` VALUES (152,'ngủ','sleep (v)');
INSERT INTO `cards` VALUES (153,'người','person');
INSERT INTO `cards` VALUES (154,'nhà','house; home');
INSERT INTO `cards` VALUES (155,'nhanh','fast (adj)');
INSERT INTO `cards` VALUES (156,'nhau','each other; one another');
INSERT INTO `cards` VALUES (157,'nhiều','many; much');
INSERT INTO `cards` VALUES (158,'no','full (cannot eat anymore)');
INSERT INTO `cards` VALUES (159,'nói','speak; talk');
INSERT INTO `cards` VALUES (160,'nước','water (n)');
INSERT INTO `cards` VALUES (161,'phòng','room');
INSERT INTO `cards` VALUES (162,'phở','(beef/chicken) noodle');
INSERT INTO `cards` VALUES (163,'qua','come over; cross (v)');
INSERT INTO `cards` VALUES (164,'quần','pants');
INSERT INTO `cards` VALUES (165,'quên','forget');
INSERT INTO `cards` VALUES (166,'ra','go out; out');
INSERT INTO `cards` VALUES (167,'rảnh','free (time)');
INSERT INTO `cards` VALUES (168,'rượu','alcohol (liquor)');
INSERT INTO `cards` VALUES (169,'sinh','be born; give birth to');
INSERT INTO `cards` VALUES (170,'sớm','early');
INSERT INTO `cards` VALUES (171,'số','number (n)');
INSERT INTO `cards` VALUES (172,'sống','live (v); fresh; undercooked; live (adj)');
INSERT INTO `cards` VALUES (173,'tay','hand (n)');
INSERT INTO `cards` VALUES (174,'tắm','take a bath/shower');
INSERT INTO `cards` VALUES (175,'tập','practice (v); learn');
INSERT INTO `cards` VALUES (176,'tên','name (n)');
INSERT INTO `cards` VALUES (177,'Tết','Vietnamese New Year');
INSERT INTO `cards` VALUES (178,'tháng','month');
INSERT INTO `cards` VALUES (179,'thân','close (in relationships)');
INSERT INTO `cards` VALUES (180,'thật','true');
INSERT INTO `cards` VALUES (181,'thịt','meat');
INSERT INTO `cards` VALUES (182,'thuốc','medicine; cigarettes');
INSERT INTO `cards` VALUES (183,'tiệc','party (n) (social event)');
INSERT INTO `cards` VALUES (184,'tiệm','store (n); shop (n)');
INSERT INTO `cards` VALUES (185,'tiền','money');
INSERT INTO `cards` VALUES (186,'tiện','convenient');
INSERT INTO `cards` VALUES (187,'tiếng','language');
INSERT INTO `cards` VALUES (188,'tối nay','tonight');
INSERT INTO `cards` VALUES (189,'tốt','good');
INSERT INTO `cards` VALUES (190,'trả tiền','pay (money)');
INSERT INTO `cards` VALUES (191,'trái cây','fruit');
INSERT INTO `cards` VALUES (192,'trời lạnh','cold weather');
INSERT INTO `cards` VALUES (193,'tuần','week');
INSERT INTO `cards` VALUES (194,'tuổi','age (n)');
INSERT INTO `cards` VALUES (195,'uống','drink (v)');
INSERT INTO `cards` VALUES (196,'vui','happy; joyous');
INSERT INTO `cards` VALUES (197,'xe hơi','car');
INSERT INTO `cards` VALUES (198,'xin','ask; please (to be polite)');
INSERT INTO `cards` VALUES (199,'xuống','get off (a vehicle); down (adv)');
INSERT INTO `cards` VALUES (200,'yêu','love (v)');
INSERT INTO `cards` VALUES (201,'một','one');
INSERT INTO `cards` VALUES (202,'hai','two');
INSERT INTO `cards` VALUES (203,'ba','three');
INSERT INTO `cards` VALUES (204,'bốn','four');
INSERT INTO `cards` VALUES (205,'năm','five');
INSERT INTO `cards` VALUES (206,'sáu','six');
INSERT INTO `cards` VALUES (207,'bảy','seven');
INSERT INTO `cards` VALUES (208,'tám','eight');
INSERT INTO `cards` VALUES (209,'chín','nine');
INSERT INTO `cards` VALUES (210,'mười','ten');
INSERT INTO `cards` VALUES (211,'hai mươi','twenty');
INSERT INTO `cards` VALUES (212,'ba mươi','thirty');
INSERT INTO `cards` VALUES (213,'bốn mươi','forty');
INSERT INTO `cards` VALUES (214,'năm mươi','fifty');
INSERT INTO `cards` VALUES (215,'sáu mươi','sixty');
INSERT INTO `cards` VALUES (216,'bảy mươi','seventy');
INSERT INTO `cards` VALUES (217,'tám mươi','eighty');
INSERT INTO `cards` VALUES (218,'chín mươi','ninety');
INSERT INTO `cards` VALUES (219,'một trăm','one hundred');
INSERT INTO `cards` VALUES (220,'hai trăm','two hundred');
INSERT INTO `cards` VALUES (221,'ba trăm','three hundred');
INSERT INTO `cards` VALUES (222,'bốn trăm','four hundred');
INSERT INTO `cards` VALUES (223,'một nghìn (một ngàn)','one thousand');
INSERT INTO `cards` VALUES (224,'một triệu','one million');
INSERT INTO `cards` VALUES (225,'một tỉ','one billion');
/*!40000 ALTER TABLE `cards` ENABLE KEYS */;
UNLOCK TABLES;

--
-- Table structure for table `cards_categories`
--

DROP TABLE IF EXISTS `cards_categories`;
/*!40101 SET @saved_cs_client     = @@character_set_client */;
/*!40101 SET character_set_client = utf8 */;
CREATE TABLE `cards_categories` (
  `id` int(11) NOT NULL AUTO_INCREMENT,
  `card` int(11) NOT NULL,
  `category` int(11) NOT NULL,
  PRIMARY KEY (`id`),
  KEY `card` (`card`),
  KEY `category` (`category`),
  CONSTRAINT `cards_categories_ibfk_1` FOREIGN KEY (`card`) REFERENCES `cards` (`id`) ON DELETE CASCADE,
  CONSTRAINT `cards_categories_ibfk_2` FOREIGN KEY (`category`) REFERENCES `categories` (`id`) ON DELETE CASCADE
) ENGINE=InnoDB AUTO_INCREMENT=354 DEFAULT CHARSET=utf8mb4 COLLATE=utf8mb4_unicode_ci;
/*!40101 SET character_set_client = @saved_cs_client */;

--
-- Dumping data for table `cards_categories`
--
-- ORDER BY:  `id`

LOCK TABLES `cards_categories` WRITE;
/*!40000 ALTER TABLE `cards_categories` DISABLE KEYS */;
INSERT INTO `cards_categories` VALUES (1,162,1);
INSERT INTO `cards_categories` VALUES (2,162,11);
INSERT INTO `cards_categories` VALUES (3,17,1);
INSERT INTO `cards_categories` VALUES (4,134,13);
INSERT INTO `cards_categories` VALUES (5,120,10);
INSERT INTO `cards_categories` VALUES (6,120,13);
INSERT INTO `cards_categories` VALUES (7,113,6);
INSERT INTO `cards_categories` VALUES (8,194,9);
INSERT INTO `cards_categories` VALUES (9,194,13);
INSERT INTO `cards_categories` VALUES (10,168,1);
INSERT INTO `cards_categories` VALUES (11,168,11);
INSERT INTO `cards_categories` VALUES (12,76,12);
INSERT INTO `cards_categories` VALUES (13,52,5);
INSERT INTO `cards_categories` VALUES (14,52,2);
INSERT INTO `cards_categories` VALUES (15,94,8);
INSERT INTO `cards_categories` VALUES (16,94,2);
INSERT INTO `cards_categories` VALUES (17,198,2);
INSERT INTO `cards_categories` VALUES (18,198,8);
INSERT INTO `cards_categories` VALUES (19,127,5);
INSERT INTO `cards_categories` VALUES (20,127,10);
INSERT INTO `cards_categories` VALUES (21,112,5);
INSERT INTO `cards_categories` VALUES (22,69,5);
INSERT INTO `cards_categories` VALUES (23,169,5);
INSERT INTO `cards_categories` VALUES (24,169,2);
INSERT INTO `cards_categories` VALUES (25,51,3);
INSERT INTO `cards_categories` VALUES (26,85,1);
INSERT INTO `cards_categories` VALUES (27,125,3);
INSERT INTO `cards_categories` VALUES (28,23,1);
INSERT INTO `cards_categories` VALUES (29,8,3);
INSERT INTO `cards_categories` VALUES (30,7,5);
INSERT INTO `cards_categories` VALUES (31,86,2);
INSERT INTO `cards_categories` VALUES (32,86,11);
INSERT INTO `cards_categories` VALUES (33,129,1);
INSERT INTO `cards_categories` VALUES (34,35,2);
INSERT INTO `cards_categories` VALUES (35,197,1);
INSERT INTO `cards_categories` VALUES (36,21,4);
INSERT INTO `cards_categories` VALUES (37,56,2);
INSERT INTO `cards_categories` VALUES (38,56,14);
INSERT INTO `cards_categories` VALUES (39,68,1);
INSERT INTO `cards_categories` VALUES (40,59,2);
INSERT INTO `cards_categories` VALUES (41,36,9);
INSERT INTO `cards_categories` VALUES (42,60,1);
INSERT INTO `cards_categories` VALUES (43,60,11);
INSERT INTO `cards_categories` VALUES (44,179,12);
INSERT INTO `cards_categories` VALUES (45,179,9);
INSERT INTO `cards_categories` VALUES (46,15,1);
INSERT INTO `cards_categories` VALUES (47,15,11);
INSERT INTO `cards_categories` VALUES (48,115,3);
INSERT INTO `cards_categories` VALUES (49,192,3);
INSERT INTO `cards_categories` VALUES (50,128,1);
INSERT INTO `cards_categories` VALUES (51,163,2);
INSERT INTO `cards_categories` VALUES (52,186,3);
INSERT INTO `cards_categories` VALUES (53,147,2);
INSERT INTO `cards_categories` VALUES (54,147,11);
INSERT INTO `cards_categories` VALUES (55,61,3);
INSERT INTO `cards_categories` VALUES (56,72,15);
INSERT INTO `cards_categories` VALUES (57,148,10);
INSERT INTO `cards_categories` VALUES (58,148,1);
INSERT INTO `cards_categories` VALUES (59,150,3);
INSERT INTO `cards_categories` VALUES (60,150,11);
INSERT INTO `cards_categories` VALUES (61,26,2);
INSERT INTO `cards_categories` VALUES (62,26,9);
INSERT INTO `cards_categories` VALUES (63,99,3);
INSERT INTO `cards_categories` VALUES (64,103,3);
INSERT INTO `cards_categories` VALUES (65,138,11);
INSERT INTO `cards_categories` VALUES (66,138,1);
INSERT INTO `cards_categories` VALUES (67,114,2);
INSERT INTO `cards_categories` VALUES (68,40,1);
INSERT INTO `cards_categories` VALUES (69,195,11);
INSERT INTO `cards_categories` VALUES (70,195,2);
INSERT INTO `cards_categories` VALUES (71,105,3);
INSERT INTO `cards_categories` VALUES (72,156,9);
INSERT INTO `cards_categories` VALUES (73,170,10);
INSERT INTO `cards_categories` VALUES (74,170,3);
INSERT INTO `cards_categories` VALUES (75,44,3);
INSERT INTO `cards_categories` VALUES (76,4,2);
INSERT INTO `cards_categories` VALUES (77,4,11);
INSERT INTO `cards_categories` VALUES (78,74,1);
INSERT INTO `cards_categories` VALUES (79,39,10);
INSERT INTO `cards_categories` VALUES (80,39,3);
INSERT INTO `cards_categories` VALUES (81,137,9);
INSERT INTO `cards_categories` VALUES (82,130,15);
INSERT INTO `cards_categories` VALUES (83,130,3);
INSERT INTO `cards_categories` VALUES (84,132,1);
INSERT INTO `cards_categories` VALUES (85,132,9);
INSERT INTO `cards_categories` VALUES (86,71,9);
INSERT INTO `cards_categories` VALUES (87,71,1);
INSERT INTO `cards_categories` VALUES (88,155,3);
INSERT INTO `cards_categories` VALUES (89,22,9);
INSERT INTO `cards_categories` VALUES (90,22,1);
INSERT INTO `cards_categories` VALUES (91,18,12);
INSERT INTO `cards_categories` VALUES (92,104,3);
INSERT INTO `cards_categories` VALUES (93,18,2);
INSERT INTO `cards_categories` VALUES (94,121,1);
INSERT INTO `cards_categories` VALUES (95,92,1);
INSERT INTO `cards_categories` VALUES (96,57,11);
INSERT INTO `cards_categories` VALUES (97,57,1);
INSERT INTO `cards_categories` VALUES (98,165,8);
INSERT INTO `cards_categories` VALUES (99,167,10);
INSERT INTO `cards_categories` VALUES (101,5,9);
INSERT INTO `cards_categories` VALUES (102,5,1);
INSERT INTO `cards_categories` VALUES (104,191,11);
INSERT INTO `cards_categories` VALUES (105,191,1);
INSERT INTO `cards_categories` VALUES (106,158,11);
INSERT INTO `cards_categories` VALUES (107,158,3);
INSERT INTO `cards_categories` VALUES (108,122,2);
INSERT INTO `cards_categories` VALUES (109,199,14);
INSERT INTO `cards_categories` VALUES (110,199,2);
INSERT INTO `cards_categories` VALUES (111,123,14);
INSERT INTO `cards_categories` VALUES (112,123,2);
INSERT INTO `cards_categories` VALUES (113,88,2);
INSERT INTO `cards_categories` VALUES (114,43,2);
INSERT INTO `cards_categories` VALUES (115,53,2);
INSERT INTO `cards_categories` VALUES (116,166,2);
INSERT INTO `cards_categories` VALUES (117,189,3);
INSERT INTO `cards_categories` VALUES (118,79,4);
INSERT INTO `cards_categories` VALUES (119,100,9);
INSERT INTO `cards_categories` VALUES (120,100,1);
INSERT INTO `cards_categories` VALUES (121,173,1);
INSERT INTO `cards_categories` VALUES (122,144,3);
INSERT INTO `cards_categories` VALUES (123,196,3);
INSERT INTO `cards_categories` VALUES (124,196,12);
INSERT INTO `cards_categories` VALUES (125,144,12);
INSERT INTO `cards_categories` VALUES (126,67,12);
INSERT INTO `cards_categories` VALUES (127,67,2);
INSERT INTO `cards_categories` VALUES (128,33,2);
INSERT INTO `cards_categories` VALUES (129,50,1);
INSERT INTO `cards_categories` VALUES (130,24,16);
INSERT INTO `cards_categories` VALUES (131,82,2);
INSERT INTO `cards_categories` VALUES (132,154,1);
INSERT INTO `cards_categories` VALUES (133,6,8);
INSERT INTO `cards_categories` VALUES (134,6,15);
INSERT INTO `cards_categories` VALUES (135,55,11);
INSERT INTO `cards_categories` VALUES (136,55,3);
INSERT INTO `cards_categories` VALUES (137,84,3);
INSERT INTO `cards_categories` VALUES (138,81,16);
INSERT INTO `cards_categories` VALUES (139,81,2);
INSERT INTO `cards_categories` VALUES (140,141,2);
INSERT INTO `cards_categories` VALUES (141,141,16);
INSERT INTO `cards_categories` VALUES (142,3,1);
INSERT INTO `cards_categories` VALUES (143,83,2);
INSERT INTO `cards_categories` VALUES (145,11,2);
INSERT INTO `cards_categories` VALUES (146,187,1);
INSERT INTO `cards_categories` VALUES (147,107,10);
INSERT INTO `cards_categories` VALUES (148,107,3);
INSERT INTO `cards_categories` VALUES (149,126,1);
INSERT INTO `cards_categories` VALUES (150,111,1);
INSERT INTO `cards_categories` VALUES (151,149,2);
INSERT INTO `cards_categories` VALUES (152,149,16);
INSERT INTO `cards_categories` VALUES (153,98,15);
INSERT INTO `cards_categories` VALUES (154,98,13);
INSERT INTO `cards_categories` VALUES (155,6,13);
INSERT INTO `cards_categories` VALUES (156,98,3);
INSERT INTO `cards_categories` VALUES (157,172,2);
INSERT INTO `cards_categories` VALUES (158,172,3);
INSERT INTO `cards_categories` VALUES (159,109,2);
INSERT INTO `cards_categories` VALUES (160,133,2);
INSERT INTO `cards_categories` VALUES (161,200,2);
INSERT INTO `cards_categories` VALUES (162,200,12);
INSERT INTO `cards_categories` VALUES (163,157,13);
INSERT INTO `cards_categories` VALUES (164,157,15);
INSERT INTO `cards_categories` VALUES (165,157,3);
INSERT INTO `cards_categories` VALUES (166,28,15);
INSERT INTO `cards_categories` VALUES (167,28,1);
INSERT INTO `cards_categories` VALUES (168,34,8);
INSERT INTO `cards_categories` VALUES (169,181,11);
INSERT INTO `cards_categories` VALUES (170,181,1);
INSERT INTO `cards_categories` VALUES (171,182,1);
INSERT INTO `cards_categories` VALUES (172,65,2);
INSERT INTO `cards_categories` VALUES (173,65,16);
INSERT INTO `cards_categories` VALUES (174,116,10);
INSERT INTO `cards_categories` VALUES (175,116,1);
INSERT INTO `cards_categories` VALUES (176,185,1);
INSERT INTO `cards_categories` VALUES (177,185,15);
INSERT INTO `cards_categories` VALUES (178,178,10);
INSERT INTO `cards_categories` VALUES (179,178,1);
INSERT INTO `cards_categories` VALUES (180,96,13);
INSERT INTO `cards_categories` VALUES (181,96,15);
INSERT INTO `cards_categories` VALUES (182,96,3);
INSERT INTO `cards_categories` VALUES (183,12,1);
INSERT INTO `cards_categories` VALUES (184,12,10);
INSERT INTO `cards_categories` VALUES (185,176,1);
INSERT INTO `cards_categories` VALUES (186,176,9);
INSERT INTO `cards_categories` VALUES (187,66,3);
INSERT INTO `cards_categories` VALUES (188,66,10);
INSERT INTO `cards_categories` VALUES (189,20,2);
INSERT INTO `cards_categories` VALUES (190,20,12);
INSERT INTO `cards_categories` VALUES (191,140,3);
INSERT INTO `cards_categories` VALUES (192,140,10);
INSERT INTO `cards_categories` VALUES (193,106,16);
INSERT INTO `cards_categories` VALUES (194,106,8);
INSERT INTO `cards_categories` VALUES (195,9,10);
INSERT INTO `cards_categories` VALUES (196,9,1);
INSERT INTO `cards_categories` VALUES (197,171,1);
INSERT INTO `cards_categories` VALUES (198,171,13);
INSERT INTO `cards_categories` VALUES (199,73,10);
INSERT INTO `cards_categories` VALUES (200,73,9);
INSERT INTO `cards_categories` VALUES (201,73,3);
INSERT INTO `cards_categories` VALUES (202,2,9);
INSERT INTO `cards_categories` VALUES (205,2,1);
INSERT INTO `cards_categories` VALUES (206,27,9);
INSERT INTO `cards_categories` VALUES (207,27,1);
INSERT INTO `cards_categories` VALUES (208,139,2);
INSERT INTO `cards_categories` VALUES (209,48,1);
INSERT INTO `cards_categories` VALUES (210,48,3);
INSERT INTO `cards_categories` VALUES (211,48,12);
INSERT INTO `cards_categories` VALUES (212,164,1);
INSERT INTO `cards_categories` VALUES (213,77,1);
INSERT INTO `cards_categories` VALUES (214,183,1);
INSERT INTO `cards_categories` VALUES (215,183,16);
INSERT INTO `cards_categories` VALUES (216,190,15);
INSERT INTO `cards_categories` VALUES (217,190,2);
INSERT INTO `cards_categories` VALUES (218,153,9);
INSERT INTO `cards_categories` VALUES (219,153,1);
INSERT INTO `cards_categories` VALUES (220,90,1);
INSERT INTO `cards_categories` VALUES (221,30,1);
INSERT INTO `cards_categories` VALUES (222,29,2);
INSERT INTO `cards_categories` VALUES (223,14,1);
INSERT INTO `cards_categories` VALUES (224,175,2);
INSERT INTO `cards_categories` VALUES (225,143,1);
INSERT INTO `cards_categories` VALUES (226,143,17);
INSERT INTO `cards_categories` VALUES (227,95,5);
INSERT INTO `cards_categories` VALUES (228,54,2);
INSERT INTO `cards_categories` VALUES (229,136,1);
INSERT INTO `cards_categories` VALUES (230,42,2);
INSERT INTO `cards_categories` VALUES (231,38,1);
INSERT INTO `cards_categories` VALUES (232,38,11);
INSERT INTO `cards_categories` VALUES (233,75,15);
INSERT INTO `cards_categories` VALUES (234,75,3);
INSERT INTO `cards_categories` VALUES (235,161,1);
INSERT INTO `cards_categories` VALUES (236,25,2);
INSERT INTO `cards_categories` VALUES (237,13,12);
INSERT INTO `cards_categories` VALUES (238,13,3);
INSERT INTO `cards_categories` VALUES (239,131,3);
INSERT INTO `cards_categories` VALUES (240,131,11);
INSERT INTO `cards_categories` VALUES (241,142,1);
INSERT INTO `cards_categories` VALUES (242,142,10);
INSERT INTO `cards_categories` VALUES (243,87,2);
INSERT INTO `cards_categories` VALUES (244,10,1);
INSERT INTO `cards_categories` VALUES (245,10,3);
INSERT INTO `cards_categories` VALUES (246,110,2);
INSERT INTO `cards_categories` VALUES (247,58,3);
INSERT INTO `cards_categories` VALUES (248,58,9);
INSERT INTO `cards_categories` VALUES (249,152,2);
INSERT INTO `cards_categories` VALUES (250,41,2);
INSERT INTO `cards_categories` VALUES (251,41,12);
INSERT INTO `cards_categories` VALUES (252,159,16);
INSERT INTO `cards_categories` VALUES (253,159,2);
INSERT INTO `cards_categories` VALUES (254,62,2);
INSERT INTO `cards_categories` VALUES (256,184,15);
INSERT INTO `cards_categories` VALUES (257,184,1);
INSERT INTO `cards_categories` VALUES (258,63,1);
INSERT INTO `cards_categories` VALUES (259,63,14);
INSERT INTO `cards_categories` VALUES (260,93,2);
INSERT INTO `cards_categories` VALUES (261,151,3);
INSERT INTO `cards_categories` VALUES (262,151,11);
INSERT INTO `cards_categories` VALUES (263,174,2);
INSERT INTO `cards_categories` VALUES (264,19,3);
INSERT INTO `cards_categories` VALUES (265,16,2);
INSERT INTO `cards_categories` VALUES (266,16,16);
INSERT INTO `cards_categories` VALUES (267,108,1);
INSERT INTO `cards_categories` VALUES (268,37,13);
INSERT INTO `cards_categories` VALUES (269,37,8);
INSERT INTO `cards_categories` VALUES (270,91,1);
INSERT INTO `cards_categories` VALUES (271,91,9);
INSERT INTO `cards_categories` VALUES (272,101,2);
INSERT INTO `cards_categories` VALUES (273,101,11);
INSERT INTO `cards_categories` VALUES (274,145,1);
INSERT INTO `cards_categories` VALUES (275,80,10);
INSERT INTO `cards_categories` VALUES (276,80,1);
INSERT INTO `cards_categories` VALUES (277,119,10);
INSERT INTO `cards_categories` VALUES (278,119,1);
INSERT INTO `cards_categories` VALUES (279,135,3);
INSERT INTO `cards_categories` VALUES (280,135,12);
INSERT INTO `cards_categories` VALUES (281,97,10);
INSERT INTO `cards_categories` VALUES (282,97,1);
INSERT INTO `cards_categories` VALUES (283,188,10);
INSERT INTO `cards_categories` VALUES (284,188,1);
INSERT INTO `cards_categories` VALUES (285,45,2);
INSERT INTO `cards_categories` VALUES (286,45,14);
INSERT INTO `cards_categories` VALUES (287,180,3);
INSERT INTO `cards_categories` VALUES (288,180,8);
INSERT INTO `cards_categories` VALUES (289,89,8);
INSERT INTO `cards_categories` VALUES (290,89,2);
INSERT INTO `cards_categories` VALUES (291,89,12);
INSERT INTO `cards_categories` VALUES (292,46,2);
INSERT INTO `cards_categories` VALUES (293,117,16);
INSERT INTO `cards_categories` VALUES (294,117,13);
INSERT INTO `cards_categories` VALUES (295,177,10);
INSERT INTO `cards_categories` VALUES (296,177,1);
INSERT INTO `cards_categories` VALUES (297,160,11);
INSERT INTO `cards_categories` VALUES (298,160,1);
INSERT INTO `cards_categories` VALUES (299,32,9);
INSERT INTO `cards_categories` VALUES (300,32,1);
INSERT INTO `cards_categories` VALUES (301,47,1);
INSERT INTO `cards_categories` VALUES (303,193,10);
INSERT INTO `cards_categories` VALUES (304,193,1);
INSERT INTO `cards_categories` VALUES (305,70,8);
INSERT INTO `cards_categories` VALUES (306,102,8);
INSERT INTO `cards_categories` VALUES (307,49,8);
INSERT INTO `cards_categories` VALUES (308,1,8);
INSERT INTO `cards_categories` VALUES (309,1,9);
INSERT INTO `cards_categories` VALUES (310,1,16);
INSERT INTO `cards_categories` VALUES (311,49,16);
INSERT INTO `cards_categories` VALUES (312,102,16);
INSERT INTO `cards_categories` VALUES (313,70,16);
INSERT INTO `cards_categories` VALUES (314,78,17);
INSERT INTO `cards_categories` VALUES (315,78,1);
INSERT INTO `cards_categories` VALUES (316,31,2);
INSERT INTO `cards_categories` VALUES (318,124,2);
INSERT INTO `cards_categories` VALUES (319,124,12);
INSERT INTO `cards_categories` VALUES (320,118,8);
INSERT INTO `cards_categories` VALUES (321,118,3);
INSERT INTO `cards_categories` VALUES (322,146,10);
INSERT INTO `cards_categories` VALUES (323,146,1);
INSERT INTO `cards_categories` VALUES (324,64,1);
INSERT INTO `cards_categories` VALUES (325,64,9);
INSERT INTO `cards_categories` VALUES (326,192,17);
INSERT INTO `cards_categories` VALUES (329,217,18);
INSERT INTO `cards_categories` VALUES (330,208,18);
INSERT INTO `cards_categories` VALUES (331,213,18);
INSERT INTO `cards_categories` VALUES (332,204,18);
INSERT INTO `cards_categories` VALUES (333,222,18);
INSERT INTO `cards_categories` VALUES (334,218,18);
INSERT INTO `cards_categories` VALUES (335,201,18);
INSERT INTO `cards_categories` VALUES (336,225,18);
INSERT INTO `cards_categories` VALUES (337,219,18);
INSERT INTO `cards_categories` VALUES (338,224,18);
INSERT INTO `cards_categories` VALUES (339,223,18);
INSERT INTO `cards_categories` VALUES (340,207,18);
INSERT INTO `cards_categories` VALUES (341,216,18);
INSERT INTO `cards_categories` VALUES (342,206,18);
INSERT INTO `cards_categories` VALUES (343,215,18);
INSERT INTO `cards_categories` VALUES (344,212,18);
INSERT INTO `cards_categories` VALUES (345,203,18);
INSERT INTO `cards_categories` VALUES (346,221,18);
INSERT INTO `cards_categories` VALUES (347,211,18);
INSERT INTO `cards_categories` VALUES (348,202,18);
INSERT INTO `cards_categories` VALUES (349,220,18);
INSERT INTO `cards_categories` VALUES (350,214,18);
INSERT INTO `cards_categories` VALUES (351,205,18);
INSERT INTO `cards_categories` VALUES (352,209,18);
INSERT INTO `cards_categories` VALUES (353,210,18);
/*!40000 ALTER TABLE `cards_categories` ENABLE KEYS */;
UNLOCK TABLES;

--
-- Table structure for table `categories`
--

DROP TABLE IF EXISTS `categories`;
/*!40101 SET @saved_cs_client     = @@character_set_client */;
/*!40101 SET character_set_client = utf8 */;
CREATE TABLE `categories` (
  `id` int(11) NOT NULL AUTO_INCREMENT,
  `name` varchar(64) COLLATE utf8mb4_unicode_ci NOT NULL,
  PRIMARY KEY (`id`)
) ENGINE=InnoDB AUTO_INCREMENT=19 DEFAULT CHARSET=utf8mb4 COLLATE=utf8mb4_unicode_ci;
/*!40101 SET character_set_client = @saved_cs_client */;

--
-- Dumping data for table `categories`
--
-- ORDER BY:  `id`

LOCK TABLES `categories` WRITE;
/*!40000 ALTER TABLE `categories` DISABLE KEYS */;
INSERT INTO `categories` VALUES (1,'Nouns');
INSERT INTO `categories` VALUES (2,'Verbs');
INSERT INTO `categories` VALUES (3,'Adjectives');
INSERT INTO `categories` VALUES (4,'Adverbs');
INSERT INTO `categories` VALUES (5,'Prepositions');
INSERT INTO `categories` VALUES (6,'Conjunctions');
INSERT INTO `categories` VALUES (7,'Interjections');
INSERT INTO `categories` VALUES (8,'Questions');
INSERT INTO `categories` VALUES (9,'People');
INSERT INTO `categories` VALUES (10,'Time');
INSERT INTO `categories` VALUES (11,'Food');
INSERT INTO `categories` VALUES (12,'Emotions');
INSERT INTO `categories` VALUES (13,'Quantity');
INSERT INTO `categories` VALUES (14,'Transportation');
INSERT INTO `categories` VALUES (15,'Shopping');
INSERT INTO `categories` VALUES (16,'Conversation');
INSERT INTO `categories` VALUES (17,'Weather');
INSERT INTO `categories` VALUES (18,'Numbers');
/*!40000 ALTER TABLE `categories` ENABLE KEYS */;
UNLOCK TABLES;

--
-- Table structure for table `examples`
--

DROP TABLE IF EXISTS `examples`;
/*!40101 SET @saved_cs_client     = @@character_set_client */;
/*!40101 SET character_set_client = utf8 */;
CREATE TABLE `examples` (
  `id` int(11) NOT NULL AUTO_INCREMENT,
  `card` int(11) NOT NULL,
  `example` varchar(128) COLLATE utf8mb4_unicode_ci NOT NULL,
  `translation` varchar(256) COLLATE utf8mb4_unicode_ci NOT NULL,
  PRIMARY KEY (`id`),
  KEY `card` (`card`),
  CONSTRAINT `examples_ibfk_1` FOREIGN KEY (`card`) REFERENCES `cards` (`id`) ON DELETE CASCADE
) ENGINE=InnoDB AUTO_INCREMENT=1022 DEFAULT CHARSET=utf8mb4 COLLATE=utf8mb4_unicode_ci;
/*!40101 SET character_set_client = @saved_cs_client */;

--
-- Dumping data for table `examples`
--
-- ORDER BY:  `id`

LOCK TABLES `examples` WRITE;
/*!40000 ALTER TABLE `examples` DISABLE KEYS */;
INSERT INTO `examples` VALUES (1,1,'Ai muốn uống trà?','Who wants to drink tea?');
INSERT INTO `examples` VALUES (2,1,'Ai đó?','Who is that?');
INSERT INTO `examples` VALUES (3,1,'Ai đến?','Who is coming?');
INSERT INTO `examples` VALUES (4,1,'Linh chờ ai?','Who are you waiting for, Linh?');
INSERT INTO `examples` VALUES (5,1,'Ai cũng vui!','Everyone is happy!');
INSERT INTO `examples` VALUES (6,2,'Anh là ai?','Who are you?');
INSERT INTO `examples` VALUES (7,2,'anh em','siblings');
INSERT INTO `examples` VALUES (8,2,'anh ruột','older brother');
INSERT INTO `examples` VALUES (9,2,'anh họ','male cousin (of higher ranking than you in your familial hierarchy, born to an older sibling of your parents, etc)');
INSERT INTO `examples` VALUES (10,2,'anh ấy','he/him (when referring to your older brother or a male peer)');
INSERT INTO `examples` VALUES (11,3,'Áo khoác của ai?','Whose jacket is this?');
INSERT INTO `examples` VALUES (12,3,'áo dài','Vietnamese traditional costume');
INSERT INTO `examples` VALUES (13,3,'áo mưa','raincoat');
INSERT INTO `examples` VALUES (14,3,'áo sơ mi','shirt');
INSERT INTO `examples` VALUES (15,3,'áo len','sweater');
INSERT INTO `examples` VALUES (16,4,'Grant thích ăn cơm','Grant likes to eat rice');
INSERT INTO `examples` VALUES (17,4,'ăn sáng','eat breakfast');
INSERT INTO `examples` VALUES (18,4,'ăn trưa','eat lunch');
INSERT INTO `examples` VALUES (19,4,'ăn tối','eat dinner');
INSERT INTO `examples` VALUES (20,4,'ăn Tết','celebrate (eat on) Vietnamese New Year');
INSERT INTO `examples` VALUES (21,5,'Anh ấy có nhiều bạn','He has many friends');
INSERT INTO `examples` VALUES (22,5,'bạn thân','close friend');
INSERT INTO `examples` VALUES (23,5,'bạn gái','girlfriend');
INSERT INTO `examples` VALUES (24,5,'bạn trai','boyfriend');
INSERT INTO `examples` VALUES (25,5,'làm bạn','make friends');
INSERT INTO `examples` VALUES (26,6,'Bao nhiêu người đến?','How many people will be coming?');
INSERT INTO `examples` VALUES (27,6,'Thư cần bao nhiêu tiền Việt?','How much Vietnamese money does Thu need?');
INSERT INTO `examples` VALUES (28,6,'Áo khoác giá bao nhiêu?','How much is the jacket?');
INSERT INTO `examples` VALUES (29,6,'Anh Grant bao nhiêu tuổi?','How old is Grant?');
INSERT INTO `examples` VALUES (30,6,'Margie đi Việt Nam bao nhiêu lần?','How many times has Margie been to Vietnam?');
INSERT INTO `examples` VALUES (31,7,'Chi sẽ đi bằng gì?','What will Chi be traveling by?');
INSERT INTO `examples` VALUES (32,7,'bằng xe hơi','by car');
INSERT INTO `examples` VALUES (33,7,'bằng máy bay','by plane');
INSERT INTO `examples` VALUES (34,7,'bằng xe lửa','by train');
INSERT INTO `examples` VALUES (35,7,'bằng tàu thủy','by ship');
INSERT INTO `examples` VALUES (36,8,'Tôi đang bận','I am busy right now');
INSERT INTO `examples` VALUES (37,8,'bận học','busy with schoolwork');
INSERT INTO `examples` VALUES (38,8,'bận việc','busy with work');
INSERT INTO `examples` VALUES (39,8,'bận nuôi con','busy taking care of children');
INSERT INTO `examples` VALUES (40,8,'bận rộn','busy (life)');
INSERT INTO `examples` VALUES (41,9,'Bây giờ là mấy giờ?','What time is it now?');
INSERT INTO `examples` VALUES (42,9,'ngay bây giờ','right now');
INSERT INTO `examples` VALUES (43,9,'Bây giờ là chín giờ sáng','It is nine in the morning now');
INSERT INTO `examples` VALUES (44,9,'Bây giờ là mười hai giờ trưa','It is twelve noon now');
INSERT INTO `examples` VALUES (45,9,'Bây giờ là tám giờ tối','It is eight at night now');
INSERT INTO `examples` VALUES (46,10,'Lan bị bệnh','Lan is sick');
INSERT INTO `examples` VALUES (47,10,'đi khám bệnh','go to the doctor');
INSERT INTO `examples` VALUES (48,10,'chữa bệnh','treatment');
INSERT INTO `examples` VALUES (49,10,'bệnh nhân','patient (n)');
INSERT INTO `examples` VALUES (50,10,'bệnh viện','hospital');
INSERT INTO `examples` VALUES (51,11,'Grant biết nói tiếng Việt','Grant can speak Vietnamese');
INSERT INTO `examples` VALUES (52,11,'biết nhiều','know a lot');
INSERT INTO `examples` VALUES (53,11,'biết ít','know a little');
INSERT INTO `examples` VALUES (54,11,'Biết rồi','I know');
INSERT INTO `examples` VALUES (55,11,'Biết đâu','You never know');
INSERT INTO `examples` VALUES (56,12,'Toàn đi bơi vào buổi sáng','Toan goes swimming in the morning');
INSERT INTO `examples` VALUES (57,12,'buổi mai','early morning');
INSERT INTO `examples` VALUES (58,12,'buổi trưa','noon');
INSERT INTO `examples` VALUES (59,12,'buổi chiều','evening');
INSERT INTO `examples` VALUES (60,12,'buổi tối','night');
INSERT INTO `examples` VALUES (61,13,'Lâm buồn','Lam is sad');
INSERT INTO `examples` VALUES (62,13,'buồn rầu','very sad');
INSERT INTO `examples` VALUES (63,13,'buồn nôn','nauseated');
INSERT INTO `examples` VALUES (64,13,'buồn ngủ','sleepy');
INSERT INTO `examples` VALUES (65,13,'buồn cười','funny/ridiculous');
INSERT INTO `examples` VALUES (66,14,'Hiếu cần đi bưu điện','Hiếu needs to go to the post office');
INSERT INTO `examples` VALUES (67,14,'bưu thiếp','postcard');
INSERT INTO `examples` VALUES (68,14,'bưu ảnh','photo postcard');
INSERT INTO `examples` VALUES (69,14,'bưu phẩm','(mailed) parcel');
INSERT INTO `examples` VALUES (70,14,'bưu kiện','(mailed) box');
INSERT INTO `examples` VALUES (71,15,'Cà phê Việt Nam rất ngon','Vietnamese coffee is very delicious');
INSERT INTO `examples` VALUES (72,15,'cà phê đen','black coffee');
INSERT INTO `examples` VALUES (73,15,'cà phê sữa','coffee with (condensed) milk');
INSERT INTO `examples` VALUES (74,15,'cà phê sữa đá','iced coffee with (condensed) milk');
INSERT INTO `examples` VALUES (75,15,'quán cà phê','coffee shop');
INSERT INTO `examples` VALUES (76,16,'Cám ơn Linh và Chi','Thank you, Linh and Chi');
INSERT INTO `examples` VALUES (77,16,'Cám ơn rất nhiều','Thanks very much');
INSERT INTO `examples` VALUES (78,16,'Cám ơn thật nhiều','Thanks so much');
INSERT INTO `examples` VALUES (79,16,'Cám ơn trước','Thanks in advance');
INSERT INTO `examples` VALUES (80,16,'Cám ơn mọi người','Thank you, everyone');
INSERT INTO `examples` VALUES (81,17,'Tôi bị cảm','I have a cold');
INSERT INTO `examples` VALUES (82,17,'cảm xoàng','a mild cold');
INSERT INTO `examples` VALUES (83,17,'cảm nặng','a severe cold');
INSERT INTO `examples` VALUES (84,17,'cảm cúm','cold and flu');
INSERT INTO `examples` VALUES (85,17,'thuốc cảm','cold medicine');
INSERT INTO `examples` VALUES (86,18,'Tôi cảm thấy buồn','I feel sad');
INSERT INTO `examples` VALUES (87,18,'cảm giác','feeling');
INSERT INTO `examples` VALUES (88,18,'cảm tưởng','impression');
INSERT INTO `examples` VALUES (89,18,'cảm xúc','emotion');
INSERT INTO `examples` VALUES (90,18,'cảm nghĩ','thought');
INSERT INTO `examples` VALUES (91,19,'Hiếu cao bao nhiêu?','How tall are you, Hieu?');
INSERT INTO `examples` VALUES (92,19,'núi cao','high mountain');
INSERT INTO `examples` VALUES (93,19,'trán cao','high forehead');
INSERT INTO `examples` VALUES (94,19,'dốc cao','steep incline');
INSERT INTO `examples` VALUES (95,19,'nhà cao tầng','high-rise building');
INSERT INTO `examples` VALUES (96,20,'Tôi cần một thông dịch viên','I need an interpreter');
INSERT INTO `examples` VALUES (97,20,'khi cần','when needed');
INSERT INTO `examples` VALUES (98,20,'nếu cần','if need be');
INSERT INTO `examples` VALUES (99,20,'cần thiết','necessary/essential');
INSERT INTO `examples` VALUES (100,20,'không cần','unnecessary');
INSERT INTO `examples` VALUES (101,21,'Cẩn thận khi băng qua đường','Be careful when crossing the street');
INSERT INTO `examples` VALUES (102,21,'lái xe cẩn thận','drive carefully');
INSERT INTO `examples` VALUES (103,21,'ăn nói cẩn thận','speak carefully');
INSERT INTO `examples` VALUES (104,21,'qua đường cẩn thận','cross the street carefully');
INSERT INTO `examples` VALUES (105,21,'ăn uống cẩn thận','eat, drink carefully');
INSERT INTO `examples` VALUES (106,22,'Đây là cha của Grant','This is Grants father');
INSERT INTO `examples` VALUES (107,22,'cha mẹ','father and mother');
INSERT INTO `examples` VALUES (108,22,'cha ghẻ','stepfather');
INSERT INTO `examples` VALUES (109,22,'cha đỡ đầu','godfather');
INSERT INTO `examples` VALUES (110,22,'cha xứ','parish priest');
INSERT INTO `examples` VALUES (111,23,'Chai này của ai?','Whose bottle is this?');
INSERT INTO `examples` VALUES (112,23,'chai nước','bottle of water');
INSERT INTO `examples` VALUES (113,23,'chai nước mắm','bottle of fish sauce');
INSERT INTO `examples` VALUES (114,23,'chai bia','bottle of beer');
INSERT INTO `examples` VALUES (115,23,'chai rượu vang','bottle of wine');
INSERT INTO `examples` VALUES (116,24,'Chào Linh','Hello, Linh');
INSERT INTO `examples` VALUES (117,24,'chào hỏi','exchange greetings and pleasantries');
INSERT INTO `examples` VALUES (118,24,'chào đón','greet and welcome');
INSERT INTO `examples` VALUES (119,24,'cúi chào','bow and greet');
INSERT INTO `examples` VALUES (120,24,'Chào mọi người','Hello, everyone');
INSERT INTO `examples` VALUES (121,25,'Đừng chạy','Do not run');
INSERT INTO `examples` VALUES (122,25,'chạy bộ','jog');
INSERT INTO `examples` VALUES (123,25,'chạy đua','race');
INSERT INTO `examples` VALUES (124,25,'chạy nhanh','run fast');
INSERT INTO `examples` VALUES (125,25,'chạy chậm','run slowly');
INSERT INTO `examples` VALUES (126,26,'Xin lỗi tôi đến trễ; (vì) xe tắc xi bị chết máy','Sorry I came late; (because) the taxi broke down');
INSERT INTO `examples` VALUES (127,26,'chạy trối chết','run with all your might');
INSERT INTO `examples` VALUES (128,26,'mệt muốn chết','exhausted');
INSERT INTO `examples` VALUES (129,26,'Chán chết','So boring');
INSERT INTO `examples` VALUES (130,26,'Chết cha','Good grief');
INSERT INTO `examples` VALUES (131,27,'Đây là Courtney, chị của Brandon','This is Courtney, older sister of Brandon');
INSERT INTO `examples` VALUES (132,27,'chị em','sisters');
INSERT INTO `examples` VALUES (133,27,'chị cả','oldest sister');
INSERT INTO `examples` VALUES (134,27,'chị họ','female cousin (parents older siblings child, thus higher hierarchy than you)');
INSERT INTO `examples` VALUES (135,27,'chị ấy','she/her (your older sister or a female peer)');
INSERT INTO `examples` VALUES (136,28,'Đó là chợ Bến Thành','That is Ben Thanh Market');
INSERT INTO `examples` VALUES (137,28,'chợ trời','flea market');
INSERT INTO `examples` VALUES (138,28,'chợ nổi','floating market');
INSERT INTO `examples` VALUES (139,28,'chợ đêm','night market');
INSERT INTO `examples` VALUES (140,28,'đi chợ','go grocery shopping');
INSERT INTO `examples` VALUES (141,29,'Hiếu không chơi bóng rổ','Hieu does not play basketball');
INSERT INTO `examples` VALUES (142,29,'chơi đàn ghi-ta','play the guitar');
INSERT INTO `examples` VALUES (143,29,'chơi đá banh','play soccer');
INSERT INTO `examples` VALUES (144,29,'chơi tem','collect stamps');
INSERT INTO `examples` VALUES (145,29,'đi chơi','go out');
INSERT INTO `examples` VALUES (146,30,'Chỗ này có ai ngồi chưa?','Is this seat taken?');
INSERT INTO `examples` VALUES (147,30,'chỗ ngồi','seat (n)');
INSERT INTO `examples` VALUES (148,30,'chỗ trống','(unoccupied) seats, space, room');
INSERT INTO `examples` VALUES (149,30,'chỗ đậu xe','parking space');
INSERT INTO `examples` VALUES (150,30,'chỗ ở','place to stay/live; place where you are living');
INSERT INTO `examples` VALUES (151,31,'Chúc mọi người cuối tuần vui vẻ','Have a great weekend, everyone');
INSERT INTO `examples` VALUES (152,31,'chúc Tết','offer Vietnamese New Year wishes');
INSERT INTO `examples` VALUES (153,31,'chúc thọ','wish someone longevity');
INSERT INTO `examples` VALUES (154,31,'Chúc mừng','Congratulations');
INSERT INTO `examples` VALUES (155,31,'Chúc mừng năm mới','Happy New Year');
INSERT INTO `examples` VALUES (156,32,'Chúng ta đang chờ ai?','Who are we waiting for?');
INSERT INTO `examples` VALUES (157,32,'chúng mình','intimate form of we/us');
INSERT INTO `examples` VALUES (158,32,'chúng tôi','we/us (excluding the listeners)');
INSERT INTO `examples` VALUES (159,32,'chúng nó','they/them (talking about younger people)');
INSERT INTO `examples` VALUES (160,32,'dân chúng','people (in general)');
INSERT INTO `examples` VALUES (161,33,'Giang có hai anh','Giang has two older brothers');
INSERT INTO `examples` VALUES (162,33,'có gia đình','be married');
INSERT INTO `examples` VALUES (163,33,'có chồng','have a husband');
INSERT INTO `examples` VALUES (164,33,'có vợ','have a wife');
INSERT INTO `examples` VALUES (165,33,'có việc làm','have a job');
INSERT INTO `examples` VALUES (166,34,'Có lẽ Chắng sẽ đến','Maybe Chang will come');
INSERT INTO `examples` VALUES (167,34,'có lẽ cần thiết','maybe necessary');
INSERT INTO `examples` VALUES (168,34,'có lẽ không cần','maybe unnecessary');
INSERT INTO `examples` VALUES (169,34,'có lẽ vào buổi sáng','maybe in the morning');
INSERT INTO `examples` VALUES (170,34,'có lẽ vào buổi tối','maybe at night');
INSERT INTO `examples` VALUES (171,35,'Ai có thể giúp Minh?','Who can help Minh?');
INSERT INTO `examples` VALUES (172,35,'có thể đến','can come');
INSERT INTO `examples` VALUES (173,35,'có thể đi','can go');
INSERT INTO `examples` VALUES (174,35,'có thể nắng','can be sunny');
INSERT INTO `examples` VALUES (175,35,'có thể mưa','can be rainy');
INSERT INTO `examples` VALUES (176,36,'Ông bà Barnes có ba con','Mr and Mrs Barnes have three kids');
INSERT INTO `examples` VALUES (177,36,'con gái','daughter');
INSERT INTO `examples` VALUES (178,36,'con trai','son');
INSERT INTO `examples` VALUES (179,36,'con cả','oldest child');
INSERT INTO `examples` VALUES (180,36,'con út','youngest child');
INSERT INTO `examples` VALUES (181,37,'Tôi đói rồi. Còn bạn?','I am hungry. What about you?');
INSERT INTO `examples` VALUES (182,37,'Còn hai phút','Two more minutes');
INSERT INTO `examples` VALUES (183,37,'Còn nhiều bia','There is still a lot of beer');
INSERT INTO `examples` VALUES (184,37,'Còn nữa','To be continued');
INSERT INTO `examples` VALUES (185,37,'không còn nữa','no more');
INSERT INTO `examples` VALUES (186,38,'Người Việt thường ăn cơm','Vietnamese people usually eat rice');
INSERT INTO `examples` VALUES (187,38,'cơm trắng','white rice');
INSERT INTO `examples` VALUES (188,38,'cơm tấm','broken rice');
INSERT INTO `examples` VALUES (189,38,'cơm chiên','fried rice');
INSERT INTO `examples` VALUES (190,38,'cơm sườn nướng','grilled ribs on rice');
INSERT INTO `examples` VALUES (191,39,'Đi đến cuối đường','Go to the end of the street');
INSERT INTO `examples` VALUES (192,39,'cuối ngày','end of the day');
INSERT INTO `examples` VALUES (193,39,'cuối tuần','weekend');
INSERT INTO `examples` VALUES (194,39,'cuối tháng','end of the month');
INSERT INTO `examples` VALUES (195,39,'cuối năm','year end');
INSERT INTO `examples` VALUES (196,40,'Có tiếng gõ cửa','There is a knock on the door');
INSERT INTO `examples` VALUES (197,40,'mở cửa','open the door');
INSERT INTO `examples` VALUES (198,40,'đóng cửa','close the door');
INSERT INTO `examples` VALUES (199,40,'cửa tiệm','store');
INSERT INTO `examples` VALUES (200,40,'cửa sổ','window');
INSERT INTO `examples` VALUES (201,41,'Cười đi','Say cheese');
INSERT INTO `examples` VALUES (202,41,'cười mỉm','smile (v)');
INSERT INTO `examples` VALUES (203,41,'cười to','laugh out loud');
INSERT INTO `examples` VALUES (204,41,'cười đùa','laugh and have fun');
INSERT INTO `examples` VALUES (205,41,'cười thầm','laugh quietly (at someone behind their back)');
INSERT INTO `examples` VALUES (206,42,'Cứu tôi với! Cứu tôi với!','Help! Help!');
INSERT INTO `examples` VALUES (207,42,'xe cứu hỏa','fire truck');
INSERT INTO `examples` VALUES (208,42,'xe cứu thương','ambulance');
INSERT INTO `examples` VALUES (209,42,'cấp cứu','first aid');
INSERT INTO `examples` VALUES (210,42,'phòng cấp cứu','emergency room');
INSERT INTO `examples` VALUES (211,43,'Rita dậy lúc sáu giờ sáng','Rita gets up at six in the morning');
INSERT INTO `examples` VALUES (212,43,'dậy sớm','get up early');
INSERT INTO `examples` VALUES (213,43,'dậy trễ','sleep in');
INSERT INTO `examples` VALUES (214,43,'thức dậy','wake up');
INSERT INTO `examples` VALUES (215,43,'tỉnh dậy','come to; wake up;');
INSERT INTO `examples` VALUES (216,44,'Nấu cơm rất dễ','Cooking rice is easy');
INSERT INTO `examples` VALUES (217,44,'dễ chịu','pleasant');
INSERT INTO `examples` VALUES (218,44,'dễ tính','easy-going');
INSERT INTO `examples` VALUES (219,44,'dễ thương','lovable');
INSERT INTO `examples` VALUES (220,44,'dễ bảo','obedient');
INSERT INTO `examples` VALUES (221,45,'Linda thích đi du lịch','Linda likes to travel');
INSERT INTO `examples` VALUES (222,45,'du ngoạn','sightsee');
INSERT INTO `examples` VALUES (223,45,'du khách','tourist');
INSERT INTO `examples` VALUES (224,45,'du học','study abroad');
INSERT INTO `examples` VALUES (225,45,'địa điểm du lịch','tourist attraction');
INSERT INTO `examples` VALUES (226,46,'Đừng dưng nhiều bột ngọt','Do not use a lot MSG (in your cooking)');
INSERT INTO `examples` VALUES (227,46,'đồ dưng trong bếp','kitchen utensils');
INSERT INTO `examples` VALUES (228,46,'đồ dưng trong nhà','household appliances');
INSERT INTO `examples` VALUES (229,46,'đồ dưng nấu ăn','cooking utensils');
INSERT INTO `examples` VALUES (230,46,'hàng tiêu dưng','consumer goods');
INSERT INTO `examples` VALUES (231,47,'Edith và Ethan có mot đám cưới lớn','Edith and Ethan had a big wedding');
INSERT INTO `examples` VALUES (232,47,'đám hỏi','engagement party');
INSERT INTO `examples` VALUES (233,47,'đám đông','crowd');
INSERT INTO `examples` VALUES (234,47,'đám tang','funeral');
INSERT INTO `examples` VALUES (235,47,'đám mây','cloud(s)');
INSERT INTO `examples` VALUES (236,48,'Tôi bị đau','I am sick');
INSERT INTO `examples` VALUES (237,48,'đau bụng','stomachache');
INSERT INTO `examples` VALUES (238,48,'đau họng','sore throat');
INSERT INTO `examples` VALUES (239,48,'đau lưng','backache');
INSERT INTO `examples` VALUES (240,48,'đau răng','toothache');
INSERT INTO `examples` VALUES (241,49,'Mary và John đâu?','Where are Mary and John?');
INSERT INTO `examples` VALUES (242,49,'Chúng ta se đi đâu?','Where will we be going?');
INSERT INTO `examples` VALUES (243,49,'Họ sông ơ đâu?','Where do they live?');
INSERT INTO `examples` VALUES (244,49,'Ashley muôn ngồi đâu?','Where do you want to sit, Ashley?');
INSERT INTO `examples` VALUES (245,49,'Bưu điện ơ đâu đây','The post office is somewhere around here');
INSERT INTO `examples` VALUES (246,50,'Tôi bị nhức đầu','I have a headache');
INSERT INTO `examples` VALUES (247,50,'đầu năm','beginning of the New Year');
INSERT INTO `examples` VALUES (248,50,'lần đầu','the first time');
INSERT INTO `examples` VALUES (249,50,'bắt đầu','begin');
INSERT INTO `examples` VALUES (250,50,'đầu gối','knee');
INSERT INTO `examples` VALUES (251,51,'Đà Lạt rất đẹp','Dalat is very beautiful');
INSERT INTO `examples` VALUES (252,51,'đẹp trai','handsome');
INSERT INTO `examples` VALUES (253,51,'xinh đẹp','pretty');
INSERT INTO `examples` VALUES (254,51,'tuyệt đẹp','extremely beautiful');
INSERT INTO `examples` VALUES (255,51,'cảnh đẹp','beautiful scenery');
INSERT INTO `examples` VALUES (256,52,'Nicole mới đến Việt Nam','Nicole just arrived in Vietnam');
INSERT INTO `examples` VALUES (257,52,'Tết đến rồi','Vietnamese New Year is here');
INSERT INTO `examples` VALUES (258,52,'chờ đến sáng mai','wait until tomorrow morning');
INSERT INTO `examples` VALUES (259,52,'đi đến bưu điện','go to the post office');
INSERT INTO `examples` VALUES (260,52,'từ Đà Lạt đén Huế','from Dalat to Hue');
INSERT INTO `examples` VALUES (261,53,'Tôi phải đi ngay bay giờ','I have to go right now');
INSERT INTO `examples` VALUES (262,53,'đi học','go to school');
INSERT INTO `examples` VALUES (263,53,'đi làm','go to work');
INSERT INTO `examples` VALUES (264,53,'đi bác sĩ','go to the doctor');
INSERT INTO `examples` VALUES (265,53,'đi nha sĩ','go to the dentist');
INSERT INTO `examples` VALUES (266,54,'Tôi đọc tin tức mỗi ngày','I read the news every day');
INSERT INTO `examples` VALUES (267,54,'đọc báo','read the newspaper');
INSERT INTO `examples` VALUES (268,54,'đọc sách','read books');
INSERT INTO `examples` VALUES (269,54,'đọc truyện','read fiction');
INSERT INTO `examples` VALUES (270,54,'đọc thơ','read poetry');
INSERT INTO `examples` VALUES (271,55,'Tôi đói quá','I am famished');
INSERT INTO `examples` VALUES (272,55,'đói bụng','hungry');
INSERT INTO `examples` VALUES (273,55,'chưa đói','not hungry yet');
INSERT INTO `examples` VALUES (274,55,'còn đói','still hungry');
INSERT INTO `examples` VALUES (275,55,'vừa đói vừa khát','hungry and thirsty');
INSERT INTO `examples` VALUES (276,56,'Ai sẽ đón Martha?','Who will pick Martha up?');
INSERT INTO `examples` VALUES (277,56,'đón xe buýt','catch a bus');
INSERT INTO `examples` VALUES (278,56,'đón xe lừa','catch a train');
INSERT INTO `examples` VALUES (279,56,'đón xe tắc xi','catch a taxi');
INSERT INTO `examples` VALUES (280,56,'đón bạn ờ phi trường','pick a friend up at the airport');
INSERT INTO `examples` VALUES (281,57,'Nhiều đò ăn quá','There is so much food');
INSERT INTO `examples` VALUES (282,57,'đồ cổ','antiques');
INSERT INTO `examples` VALUES (283,57,'đồ biển','seafood');
INSERT INTO `examples` VALUES (284,57,'giặt đồ','do the laundry');
INSERT INTO `examples` VALUES (285,57,'đi mua đồ','go shopping');
INSERT INTO `examples` VALUES (286,58,'Jack còn độc thân','Jack is still single');
INSERT INTO `examples` VALUES (287,58,'độc đáo','unique');
INSERT INTO `examples` VALUES (288,58,'độc nhất','only one');
INSERT INTO `examples` VALUES (289,58,'độc lập','independent');
INSERT INTO `examples` VALUES (290,58,'cô độc','lonely');
INSERT INTO `examples` VALUES (291,59,'Scarlett không đổi nhiều','Scarlett has not changed much');
INSERT INTO `examples` VALUES (292,59,'đổi tiền','exchange money');
INSERT INTO `examples` VALUES (293,59,'trao đổi','exchange (gifts, numbers, etc)');
INSERT INTO `examples` VALUES (294,59,'đổi ý','change ones mind');
INSERT INTO `examples` VALUES (295,59,'đổi việc','change jobs');
INSERT INTO `examples` VALUES (296,60,'Nguồi Việt thường ăn bằng đũa','Vietnamese people usually eat with chopsticks');
INSERT INTO `examples` VALUES (297,60,'một đôi đũa','a pair of chopsticks');
INSERT INTO `examples` VALUES (298,60,'dùng đũa','use chopsticks');
INSERT INTO `examples` VALUES (299,60,'gắp bằng đũa','pick up food with chopsticks');
INSERT INTO `examples` VALUES (300,60,'Cho tôi đôi đũa khác','Please get me another pair of chopsticks');
INSERT INTO `examples` VALUES (301,61,'Đúng rồi','That is right');
INSERT INTO `examples` VALUES (302,61,'Jenny nói đúng','You are right, Jenny');
INSERT INTO `examples` VALUES (303,61,'đúng mười hai giờ đêm','at exactly 12 midnight');
INSERT INTO `examples` VALUES (304,61,'đúng giờ','punctual, on time');
INSERT INTO `examples` VALUES (305,61,'đoán đúng','guess right (correctly)');
INSERT INTO `examples` VALUES (306,62,'Tại sao Ben đứng đây?','Why are you standing here, Ben?');
INSERT INTO `examples` VALUES (307,62,'đứng đợi','stand and wait');
INSERT INTO `examples` VALUES (308,62,'đứng lên','stand up');
INSERT INTO `examples` VALUES (309,62,'đứng yên','stand still');
INSERT INTO `examples` VALUES (310,62,'Đứng lại','Stop');
INSERT INTO `examples` VALUES (311,63,'Đây là đường Lê Lợi','This is Le Loi Street');
INSERT INTO `examples` VALUES (312,63,'hổi đường','ask for directions');
INSERT INTO `examples` VALUES (313,63,'chỉ đường','give directions');
INSERT INTO `examples` VALUES (314,63,'bâng qua đường','cross the street');
INSERT INTO `examples` VALUES (315,63,'cuối đường','at the end of the street');
INSERT INTO `examples` VALUES (316,64,'Jenny nói với Tom: Em yêu anh','Jenny said to Tom: I love you');
INSERT INTO `examples` VALUES (317,64,'em gái','younger sister');
INSERT INTO `examples` VALUES (318,64,'em trai','younger brother');
INSERT INTO `examples` VALUES (319,64,'em út','youngest sibling');
INSERT INTO `examples` VALUES (320,64,'em họ','cousin (parents younger sibling, regardless of cousin age)');
INSERT INTO `examples` VALUES (321,65,'Jane gặp Henry ở một buổi tiệc','Jane met Henry at a party');
INSERT INTO `examples` VALUES (322,65,'gặp nhau','meet each other');
INSERT INTO `examples` VALUES (323,65,'gặp mặt','get together');
INSERT INTO `examples` VALUES (324,65,'gặp bác sĩ','see ones doctor');
INSERT INTO `examples` VALUES (325,65,'gặp may','get lucky');
INSERT INTO `examples` VALUES (326,66,'Nhà hàng ở gần thư viện','The restuarant is near the library');
INSERT INTO `examples` VALUES (327,66,'gần chợ','near a marketplace');
INSERT INTO `examples` VALUES (328,66,'gần đây','near here');
INSERT INTO `examples` VALUES (329,66,'gần đến','almost there (when walking or driving)');
INSERT INTO `examples` VALUES (330,66,'gần xong','almost done');
INSERT INTO `examples` VALUES (331,67,'Justin và Ryan ghét nhau','Justin and Ryan hate each other');
INSERT INTO `examples` VALUES (332,67,'ghét dậy sớm','hate getting up early');
INSERT INTO `examples` VALUES (333,67,'ghết tắm nước lạnh','hate taking cold showers');
INSERT INTO `examples` VALUES (334,67,'ghết nói láo','hate telling lies');
INSERT INTO `examples` VALUES (335,67,'ghét lái xe','hate driving');
INSERT INTO `examples` VALUES (336,68,'Kéo ghế đến đây, Tommy','Pull that chair over here, Tommy');
INSERT INTO `examples` VALUES (337,68,'ghế đẩu','low stool');
INSERT INTO `examples` VALUES (338,68,'ghế bành','armchair');
INSERT INTO `examples` VALUES (339,68,'ghế xễp','folding chair');
INSERT INTO `examples` VALUES (340,68,'ghế đá','stone bench');
INSERT INTO `examples` VALUES (341,69,'Joyce ghiền xem phim','Joyce is addicted to watching movies');
INSERT INTO `examples` VALUES (342,69,'ghiền thuốc lá','addicted to cigarettes');
INSERT INTO `examples` VALUES (343,69,'ghiền rượu','addicted to alcohol');
INSERT INTO `examples` VALUES (344,69,'ghiền đọc sách','addicted to reading books');
INSERT INTO `examples` VALUES (345,69,'ghiền nghe nhạc','addicted to listening to music');
INSERT INTO `examples` VALUES (346,70,'Chị ấy tên là gì?','What is her name?');
INSERT INTO `examples` VALUES (347,70,'Jimmy đang làm gì?','What are you doing, Jimmy?');
INSERT INTO `examples` VALUES (348,70,'Chúng ta sẽ ăn gì?','What shall we eat?');
INSERT INTO `examples` VALUES (349,70,'Lisa thích nhạc gì?','What kind of music do you like, Lisa?');
INSERT INTO `examples` VALUES (350,70,'Không có gì','You are welcome');
INSERT INTO `examples` VALUES (351,71,'Gia đình tôi có bốn người','There are four people in my family');
INSERT INTO `examples` VALUES (352,71,'chưa có gia đình','be married');
INSERT INTO `examples` VALUES (353,71,'chưa có gia đình','be unmarried');
INSERT INTO `examples` VALUES (354,71,'sống với gia đình','live with ones family');
INSERT INTO `examples` VALUES (355,71,'nuôi gia đình','support ones family');
INSERT INTO `examples` VALUES (356,72,'Đong ho này giá bao nhieu?','How much is this watch?');
INSERT INTO `examples` VALUES (357,72,'giá vé','the price of a (plane, train, etc) ticket');
INSERT INTO `examples` VALUES (358,72,'giam giá','on sale');
INSERT INTO `examples` VALUES (359,72,'giá sinh hoạt','cost of living');
INSERT INTO `examples` VALUES (360,72,'tra giá','bargain (v)');
INSERT INTO `examples` VALUES (361,73,'Mẹ của George già rồi','Georges mom is old');
INSERT INTO `examples` VALUES (362,73,'người già','old people');
INSERT INTO `examples` VALUES (363,73,'tuổi già','old age');
INSERT INTO `examples` VALUES (364,73,'thế hệ già','the old(er) generation');
INSERT INTO `examples` VALUES (365,73,'già dặn','mature');
INSERT INTO `examples` VALUES (366,74,'Tôi được giáo dục trong trường công','I studied in public schools');
INSERT INTO `examples` VALUES (367,74,'cô giáo','female teacher');
INSERT INTO `examples` VALUES (368,74,'thầy giáo','male teacher');
INSERT INTO `examples` VALUES (369,74,'giáo sư','professor');
INSERT INTO `examples` VALUES (370,74,'giáo viên','teacher');
INSERT INTO `examples` VALUES (371,75,'Gia đinh tôi không giàu','My family is not rich');
INSERT INTO `examples` VALUES (372,75,'người giàu','rich people');
INSERT INTO `examples` VALUES (373,75,'nhà giàu','rich family');
INSERT INTO `examples` VALUES (374,75,'làm giàu','get rich');
INSERT INTO `examples` VALUES (375,75,'giàu sang','rich and refined');
INSERT INTO `examples` VALUES (376,76,'Đừng giận tôi','Do not be mad at me');
INSERT INTO `examples` VALUES (377,76,'nổi giận','get mad');
INSERT INTO `examples` VALUES (378,76,'cơn giận','fit of anger');
INSERT INTO `examples` VALUES (379,76,'giận dữ','furious');
INSERT INTO `examples` VALUES (380,76,'tự giận minh','mad at oneself');
INSERT INTO `examples` VALUES (381,77,'Cho tôi một tờ giấy','Please give me a piece of paper');
INSERT INTO `examples` VALUES (382,77,'giấy thông hành','visa');
INSERT INTO `examples` VALUES (383,77,'khăn giấy','paper towel/napkin');
INSERT INTO `examples` VALUES (384,77,'giấy vệ sinh','bathroom tissue, toliet paper');
INSERT INTO `examples` VALUES (385,77,'giấy tờ','paperwork');
INSERT INTO `examples` VALUES (386,78,'Gió đang thổi mạnh','The wind is strong');
INSERT INTO `examples` VALUES (387,78,'gió nhẹ','breeze');
INSERT INTO `examples` VALUES (388,78,'gió mạnh','strong wind');
INSERT INTO `examples` VALUES (389,78,'gió mát','cool breeze');
INSERT INTO `examples` VALUES (390,78,'nhiều gió','windy');
INSERT INTO `examples` VALUES (391,79,'Alice nói tiếng Việt rất giỏi','You speak Vietnamese very well, Alice');
INSERT INTO `examples` VALUES (392,79,'giỏi toán','good at Math');
INSERT INTO `examples` VALUES (393,79,'học giỏi','study well (at school)');
INSERT INTO `examples` VALUES (394,79,'bơi giỏi','swim well');
INSERT INTO `examples` VALUES (395,79,'một bác sĩ giỏi','a competent doctor');
INSERT INTO `examples` VALUES (396,80,'Bây giờ là mấy giờ rồi?','What time is it now?');
INSERT INTO `examples` VALUES (397,80,'giờ ăn trưa','lunch hour');
INSERT INTO `examples` VALUES (398,80,'giờ nghi','break time');
INSERT INTO `examples` VALUES (399,80,'giờ mở cửa','store hours');
INSERT INTO `examples` VALUES (400,80,'giờ làm việc','business hours');
INSERT INTO `examples` VALUES (401,81,'Tôi sẽ giới thiệu Mary với mọi người','I will introduce you to everyone, Mary');
INSERT INTO `examples` VALUES (402,81,'lời giới thiệu','introduction');
INSERT INTO `examples` VALUES (403,81,'giới thiệu phim','recommend a movie');
INSERT INTO `examples` VALUES (404,81,'giới thiệu nhà hàng','recommend a restuarant');
INSERT INTO `examples` VALUES (405,81,'giới thiệu khách sạn','recommend a hotel');
INSERT INTO `examples` VALUES (406,82,'Để tôi giúp khiêng va li','Let me help carry the suitcase');
INSERT INTO `examples` VALUES (407,82,'giúp một tay','lend a hand');
INSERT INTO `examples` VALUES (408,82,'giwp người nghèo','help the poor');
INSERT INTO `examples` VALUES (409,82,'giwp trẻ em','help young children');
INSERT INTO `examples` VALUES (410,82,'giwp nhau','help one another');
INSERT INTO `examples` VALUES (411,83,'Giữ cửa cho tôi','Hold the door for me');
INSERT INTO `examples` VALUES (412,83,'giữ trẻ','babysit');
INSERT INTO `examples` VALUES (413,83,'giữ lời hứa','keep ones promise');
INSERT INTO `examples` VALUES (414,83,'chó giữ nhà','guard dog');
INSERT INTO `examples` VALUES (415,83,'diwx gìn sức khỏe','take care of ones health');
INSERT INTO `examples` VALUES (416,84,'James không thích ngồi giữa hai người','James does not like to sit between two people');
INSERT INTO `examples` VALUES (417,84,'giữa hồ','in the middle of the lake');
INSERT INTO `examples` VALUES (418,84,'ghế giữa','the middle seat');
INSERT INTO `examples` VALUES (419,84,'giữa tháng mười','mid-October');
INSERT INTO `examples` VALUES (420,84,'giữa tuần','mid-week');
INSERT INTO `examples` VALUES (421,85,'Giường này có rệp','This bed has bed bugs');
INSERT INTO `examples` VALUES (422,85,'giường đơn','single bed');
INSERT INTO `examples` VALUES (423,85,'giường đôi','double bed');
INSERT INTO `examples` VALUES (424,85,'giường xếp','foldaway bed');
INSERT INTO `examples` VALUES (425,85,'giường bệnh','sick bed');
INSERT INTO `examples` VALUES (426,86,'Ai gọi cơm chiên?','Who ordered fried rice?');
INSERT INTO `examples` VALUES (427,86,'gọi cởa','knock on the door, ring the doorbell');
INSERT INTO `examples` VALUES (428,86,'gọi đồ ăn','order food');
INSERT INTO `examples` VALUES (429,86,'gọi điện thoại','make a phone call');
INSERT INTO `examples` VALUES (430,86,'gọi xe tắc xi','call a taxi');
INSERT INTO `examples` VALUES (431,87,'Rick muốn gửi bưu thiếp cho cha mẹ','Rick wants to send a postcard to his parents');
INSERT INTO `examples` VALUES (432,87,'gửi thư','send letters');
INSERT INTO `examples` VALUES (433,87,'gửi quà','send presents');
INSERT INTO `examples` VALUES (434,87,'gửi tiền','send money');
INSERT INTO `examples` VALUES (435,87,'người gửi','sender');
INSERT INTO `examples` VALUES (436,88,'Jane hết cảm chưa?','Have you recovered from your cold yet, Jane?');
INSERT INTO `examples` VALUES (437,88,'ăn hết','eat up');
INSERT INTO `examples` VALUES (438,88,'uống hết','drink up');
INSERT INTO `examples` VALUES (439,88,'hết xăng','run out of gas');
INSERT INTO `examples` VALUES (440,88,'hết hạn','expire');
INSERT INTO `examples` VALUES (441,89,'Tôi không hiểu','I do not understand');
INSERT INTO `examples` VALUES (442,89,'dễ hiểu','easy to understand');
INSERT INTO `examples` VALUES (443,89,'khó hiểu','dificult to understand');
INSERT INTO `examples` VALUES (444,89,'hiểu lầm','misunderstand');
INSERT INTO `examples` VALUES (445,89,'hiểu rõ','understand clearly');
INSERT INTO `examples` VALUES (446,90,'Hãy nhìn hình này','Look at this picture');
INSERT INTO `examples` VALUES (447,90,'nình ảnh','images');
INSERT INTO `examples` VALUES (448,90,'chụp hình','take pictures');
INSERT INTO `examples` VALUES (449,90,'máy hình','camera');
INSERT INTO `examples` VALUES (450,90,'hình vẽ','drawing(s)');
INSERT INTO `examples` VALUES (451,91,'Họ đến chưa?','Have they arrived yet?');
INSERT INTO `examples` VALUES (452,91,'họ hàng','relatives');
INSERT INTO `examples` VALUES (453,91,'họ tên','full name');
INSERT INTO `examples` VALUES (454,91,'cưng họ','same family name');
INSERT INTO `examples` VALUES (455,91,'chác họ','different family name');
INSERT INTO `examples` VALUES (456,92,'Hoa nào cũng đẹp','All flowers are beautiful');
INSERT INTO `examples` VALUES (457,92,'vườn hoa','flower garden');
INSERT INTO `examples` VALUES (458,92,'hoa hồng','rose');
INSERT INTO `examples` VALUES (459,92,'hoa sen','lotus flower');
INSERT INTO `examples` VALUES (460,92,'trồng hoa','grow flowers');
INSERT INTO `examples` VALUES (461,93,'Hòa học rất giỏi ở trường','Hòa is doing very well in school');
INSERT INTO `examples` VALUES (462,93,'học ngoại ngữ','study foreign languages');
INSERT INTO `examples` VALUES (463,93,'học phí','tuition fee');
INSERT INTO `examples` VALUES (464,93,'học sinh','student');
INSERT INTO `examples` VALUES (465,93,'học chăm','study diligently');
INSERT INTO `examples` VALUES (466,94,'Muốn hiểu phải hỏi','If you want to understand, you have to ask');
INSERT INTO `examples` VALUES (467,94,'hỏi y kiến','ask someones opinion');
INSERT INTO `examples` VALUES (468,94,'hỏi tuổi','ask someones age');
INSERT INTO `examples` VALUES (469,94,'hỏi thăm','ask after someone');
INSERT INTO `examples` VALUES (470,94,'cau hỏi','question (n)');
INSERT INTO `examples` VALUES (471,95,'Ngân hàng hơi xa đây','The bank is rather far from here');
INSERT INTO `examples` VALUES (472,95,'hơi đói','rather hungry');
INSERT INTO `examples` VALUES (473,95,'còn hơi no','still rather full');
INSERT INTO `examples` VALUES (474,95,'hơi mệt','rather tired');
INSERT INTO `examples` VALUES (475,95,'hơi chán','kind of boring');
INSERT INTO `examples` VALUES (476,96,'Có hơn nười người trong đây','There are more than ten people in here');
INSERT INTO `examples` VALUES (477,96,'cao hơn','taller than');
INSERT INTO `examples` VALUES (478,96,'thấp hơn','shorter than');
INSERT INTO `examples` VALUES (479,96,'lớn hơn','older than');
INSERT INTO `examples` VALUES (480,96,'nhỏ hơn','younger than');
INSERT INTO `examples` VALUES (481,97,'Hôm nay chúng ta đi đâu?','Where will we go today?');
INSERT INTO `examples` VALUES (482,97,'hôm qua','yesterday');
INSERT INTO `examples` VALUES (483,97,'hôm kia','the day before yesterday');
INSERT INTO `examples` VALUES (484,97,'hôm nọ','the other day');
INSERT INTO `examples` VALUES (485,97,'một hôm','one day (in the past)');
INSERT INTO `examples` VALUES (486,98,'Tiền còn rất ít','There is very little money left');
INSERT INTO `examples` VALUES (487,98,'ít nói','reserved, reticent');
INSERT INTO `examples` VALUES (488,98,'ít người','few people');
INSERT INTO `examples` VALUES (489,98,'ít khi','seldom');
INSERT INTO `examples` VALUES (490,98,'ít ra/nhất','at least');
INSERT INTO `examples` VALUES (491,99,'Hôm nay Helen trông khác','You look different today, Helen');
INSERT INTO `examples` VALUES (492,99,'khác nhau','different from each other');
INSERT INTO `examples` VALUES (493,99,'khác với','different from');
INSERT INTO `examples` VALUES (494,99,'đổi khác','change');
INSERT INTO `examples` VALUES (495,99,'khác thường','unusual');
INSERT INTO `examples` VALUES (496,100,'Họ đang bận tiếp khách','They are busy receiving guests');
INSERT INTO `examples` VALUES (497,100,'khách du lịch','tourist');
INSERT INTO `examples` VALUES (498,100,'nhà khách','guest house');
INSERT INTO `examples` VALUES (499,100,'khách sạn','hotel');
INSERT INTO `examples` VALUES (500,100,'khách hàng','customer, client');
INSERT INTO `examples` VALUES (501,101,'Ai khát?','Who is thirsty?');
INSERT INTO `examples` VALUES (502,101,'khát nước','thirsty');
INSERT INTO `examples` VALUES (503,101,'khát khô cổ','parched');
INSERT INTO `examples` VALUES (504,101,'đồ giải khát','beverages');
INSERT INTO `examples` VALUES (505,101,'khao khát','have a powerful longing for');
INSERT INTO `examples` VALUES (506,102,'Khi nào Lena đến?','When will Lena come?');
INSERT INTO `examples` VALUES (507,102,'khi còn nhỏ','when one was small');
INSERT INTO `examples` VALUES (508,102,'khi còn trẻ','when one was young');
INSERT INTO `examples` VALUES (509,102,'khi nãy','a moment ago');
INSERT INTO `examples` VALUES (510,102,'khi tước','before');
INSERT INTO `examples` VALUES (511,103,'Hiểu tiếng Việt hơi khó','Understanding Vietnamese is rather difficult');
INSERT INTO `examples` VALUES (512,103,'khó nhớ','hard to remember');
INSERT INTO `examples` VALUES (513,103,'khó tính','hard to please');
INSERT INTO `examples` VALUES (514,103,'hó chịu','irritable');
INSERT INTO `examples` VALUES (515,103,'khó thở','hard to breathe');
INSERT INTO `examples` VALUES (516,104,'Hôm nay Ellie khỏe không?','How are you today, Ellie?');
INSERT INTO `examples` VALUES (517,104,'khỏe mạnh','healthy');
INSERT INTO `examples` VALUES (518,104,'khỏe khoắn','refreshed');
INSERT INTO `examples` VALUES (519,104,'Chúc Mike mau khỏe','I hope you will feel better soon, Mike');
INSERT INTO `examples` VALUES (520,104,'sức khỏe','health');
INSERT INTO `examples` VALUES (521,105,'Quần áo khô chưa?','Are the clothes dry yet?');
INSERT INTO `examples` VALUES (522,105,'khô mực','dried squid');
INSERT INTO `examples` VALUES (523,105,'khô bò','beef jerky');
INSERT INTO `examples` VALUES (524,105,'tôm khô','dried shrimp');
INSERT INTO `examples` VALUES (525,105,'phơi khô','dry something in the sun');
INSERT INTO `examples` VALUES (526,106,'Không, tôi không hiểu','No, I do not understand');
INSERT INTO `examples` VALUES (527,106,'không bao giờ','never');
INSERT INTO `examples` VALUES (528,106,'không may','unlucky');
INSERT INTO `examples` VALUES (529,106,'không ai','no one');
INSERT INTO `examples` VALUES (530,106,'Không có chi','You are welcome');
INSERT INTO `examples` VALUES (531,107,'Khuya rồi. Tắt đèn đi ngủ.','It is late already. Turn off the light and go to bed.');
INSERT INTO `examples` VALUES (532,107,'thức khuya','stay up late');
INSERT INTO `examples` VALUES (533,107,'về khuya','come home late');
INSERT INTO `examples` VALUES (534,107,'đêm khuya','in the dead of night');
INSERT INTO `examples` VALUES (535,107,'đi chơi khuya','stay out late');
INSERT INTO `examples` VALUES (536,108,'Tôi đã chọn áo khoác kia','I have chosen that jacket');
INSERT INTO `examples` VALUES (537,108,'đằng kia','over there');
INSERT INTO `examples` VALUES (538,108,'một nhày kia','one day (in the future)');
INSERT INTO `examples` VALUES (539,108,'trước kia','before');
INSERT INTO `examples` VALUES (540,108,'xưa kia','a long time ago');
INSERT INTO `examples` VALUES (541,109,'Paul đang kiếm gì?','What are you looking for, Paul?');
INSERT INTO `examples` VALUES (542,109,'kiếm nhà','look for someones house');
INSERT INTO `examples` VALUES (543,109,'kiếm tiền','earn money');
INSERT INTO `examples` VALUES (544,109,'kiếm việc','look for a job');
INSERT INTO `examples` VALUES (545,109,'kiếm ăn','make a living');
INSERT INTO `examples` VALUES (546,110,'Đọc kỹ rồi ký','Read carefully and then sign');
INSERT INTO `examples` VALUES (547,110,'ký tên','sign ones name');
INSERT INTO `examples` VALUES (548,110,'ký hợp đồng','sign a contract');
INSERT INTO `examples` VALUES (549,110,'ký giấy tờ','sign papers');
INSERT INTO `examples` VALUES (550,110,'chữ ký','signature');
INSERT INTO `examples` VALUES (551,111,'Cây này có nhiều lá','This tree has many leaves');
INSERT INTO `examples` VALUES (552,111,'xanh lá cây','green (adj)');
INSERT INTO `examples` VALUES (553,111,'lá thư','letter (of correspondence)');
INSERT INTO `examples` VALUES (554,111,'nón lá','Vietnamese conical straw hat');
INSERT INTO `examples` VALUES (555,111,'lá cờ','flag');
INSERT INTO `examples` VALUES (556,112,'Hôm nay là một ngày đẹp','Today is a beautiful day');
INSERT INTO `examples` VALUES (557,112,'Tôi tên là Grant','My name is Grant');
INSERT INTO `examples` VALUES (558,112,'Tôi là người Mỹ','I am American');
INSERT INTO `examples` VALUES (559,112,'Đây là chồng tôi','This is my husband');
INSERT INTO `examples` VALUES (560,112,'Đây là bạn tôi','This is my friend');
INSERT INTO `examples` VALUES (561,113,'Khi nào Grant trở lại Việt Nam?','When will you come back to Vietnam, Grant?');
INSERT INTO `examples` VALUES (562,113,'nói lại','say again, repeat what is said');
INSERT INTO `examples` VALUES (563,113,'hỏi lại','ask again');
INSERT INTO `examples` VALUES (564,113,'trả lại','return (something to someone)');
INSERT INTO `examples` VALUES (565,113,'chậm lại','slow down');
INSERT INTO `examples` VALUES (566,114,'Dây giờ tôi phải làm gì?','What must I do now?');
INSERT INTO `examples` VALUES (567,114,'làm việc','work (v)');
INSERT INTO `examples` VALUES (568,114,'việc làm','work (n); job');
INSERT INTO `examples` VALUES (569,114,'làm dược sĩ','work as a pharmacist');
INSERT INTO `examples` VALUES (570,114,'Chị ấy làm nghề gì?','What does she do (for a living)?');
INSERT INTO `examples` VALUES (571,115,'Hôm nay trời lạnh quá','It is so cold today');
INSERT INTO `examples` VALUES (572,115,'áo lạnh','jacket');
INSERT INTO `examples` VALUES (573,115,'máy lạnh','air conditioner');
INSERT INTO `examples` VALUES (574,115,'nước lạnh','cold water');
INSERT INTO `examples` VALUES (575,115,'tủ lạnh','refrigerator');
INSERT INTO `examples` VALUES (576,116,'Xin chờ một lát','Please wait a moment');
INSERT INTO `examples` VALUES (577,116,'nghỉ một lát','rest for a moment (a while)');
INSERT INTO `examples` VALUES (578,116,'nghĩ một lát','think for a moment');
INSERT INTO `examples` VALUES (579,116,'lát nữa','in a moment');
INSERT INTO `examples` VALUES (580,116,'lát sau','a moment later');
INSERT INTO `examples` VALUES (581,117,'Grant vui lắm','Grant is very happy');
INSERT INTO `examples` VALUES (582,117,'lắm tiền','have a lot of money');
INSERT INTO `examples` VALUES (583,117,'lắm chuyện','be something of a busybody');
INSERT INTO `examples` VALUES (584,117,'không cay lắm','not too spicy');
INSERT INTO `examples` VALUES (585,117,'Cám ơn lắm lắm','Thank you very, very much');
INSERT INTO `examples` VALUES (586,118,'Tôi biết tôi lầm','I know I am wrong');
INSERT INTO `examples` VALUES (587,118,'đi lầm đường','take the wrong street');
INSERT INTO `examples` VALUES (588,118,'hiểu lầm','misunderstand');
INSERT INTO `examples` VALUES (589,118,'đoán lầm','guess wrongly');
INSERT INTO `examples` VALUES (590,118,'chọn lầm ngừoi','choose the wrong person');
INSERT INTO `examples` VALUES (591,119,'Mia đến đây nhiều lần rồi','Mia has come here many times already');
INSERT INTO `examples` VALUES (592,119,'một tuần một lần','once a week');
INSERT INTO `examples` VALUES (593,119,'lần này','this time');
INSERT INTO `examples` VALUES (594,119,'lần đầu','the first time');
INSERT INTO `examples` VALUES (595,119,'lần thứ hai','the second time');
INSERT INTO `examples` VALUES (596,120,'Grant chờ lâu chưa?','Have you been waiting long, Grant?');
INSERT INTO `examples` VALUES (597,120,'lâu lâu','every now and then');
INSERT INTO `examples` VALUES (598,120,'lâu dài','long-term');
INSERT INTO `examples` VALUES (599,120,'lâu đời','ancient');
INSERT INTO `examples` VALUES (600,120,'Grant ở Việt Nam bao lâu rồi?','How long have you been in Vietnam, Grant?');
INSERT INTO `examples` VALUES (601,121,'Anh ấy sống trên lầu bảy','He lives on the seventh floor');
INSERT INTO `examples` VALUES (602,121,'trên lầu','upstairs');
INSERT INTO `examples` VALUES (603,121,'dưới lầu','downstairs');
INSERT INTO `examples` VALUES (604,121,'đi lên lầu','go upstairs');
INSERT INTO `examples` VALUES (605,121,'đi xuống lầu','go downstairs');
INSERT INTO `examples` VALUES (606,122,'Để tôi đi lấy nước','Let me go get some water');
INSERT INTO `examples` VALUES (607,122,'lấy chồng','get a husband');
INSERT INTO `examples` VALUES (608,122,'lấy vợ','get a wife');
INSERT INTO `examples` VALUES (609,122,'lấy hẹn','get an appointment');
INSERT INTO `examples` VALUES (610,122,'lấy vé máy bay','buy a plane ticket');
INSERT INTO `examples` VALUES (611,123,'Xin mọi người lên xe','Please get into the car/get on the bus, everyone');
INSERT INTO `examples` VALUES (612,123,'lên xe lửa','get on the train');
INSERT INTO `examples` VALUES (613,123,'lên máy bay','board the plane');
INSERT INTO `examples` VALUES (614,123,'lên cân','gain weight');
INSERT INTO `examples` VALUES (615,123,'lên lương','receive a pay raise');
INSERT INTO `examples` VALUES (616,124,'Đừng lơ','Do not worry');
INSERT INTO `examples` VALUES (617,124,'lo lắng','worried');
INSERT INTO `examples` VALUES (618,124,'lo âu','so worried');
INSERT INTO `examples` VALUES (619,124,'lo buồn','worried and sad');
INSERT INTO `examples` VALUES (620,124,'lo sợ','worried and frightened');
INSERT INTO `examples` VALUES (621,125,'Khách sạn Rex lớn quá','The Rex Hotel is so big');
INSERT INTO `examples` VALUES (622,125,'lớn hơn','bigger; older');
INSERT INTO `examples` VALUES (623,125,'mưa lớn','heavy rain');
INSERT INTO `examples` VALUES (624,125,'người lớn','adult');
INSERT INTO `examples` VALUES (625,125,'lớn lên','grow up');
INSERT INTO `examples` VALUES (626,126,'Max muốn hộc luật','Max wants to study law');
INSERT INTO `examples` VALUES (627,126,'trường luật','law school');
INSERT INTO `examples` VALUES (628,126,'luật sư','lawyer');
INSERT INTO `examples` VALUES (629,126,'luật giao thông','traffic laws');
INSERT INTO `examples` VALUES (630,126,'dăn phòng luật sư','law office');
INSERT INTO `examples` VALUES (631,127,'Grant ăn sáng lúc mấy giờ?','What time do you have breakfast, Grant?');
INSERT INTO `examples` VALUES (632,127,'lúc sáu giờ sáng','at 6 am');
INSERT INTO `examples` VALUES (633,127,'lúc mười hai giờ trưa','at 12 noon');
INSERT INTO `examples` VALUES (634,127,'lúc năm giờ chiều','at 5 pm');
INSERT INTO `examples` VALUES (635,127,'lúc bảy giờ tối','at 7 pm');
INSERT INTO `examples` VALUES (636,128,'Frank thích màu gi?','What color do you like, Frank?');
INSERT INTO `examples` VALUES (637,128,'màu xanh dương','blue');
INSERT INTO `examples` VALUES (638,128,'màu vàng','yellow');
INSERT INTO `examples` VALUES (639,128,'màu đen','black');
INSERT INTO `examples` VALUES (640,128,'màu trắng','white');
INSERT INTO `examples` VALUES (641,129,'Tôi không biết dùng máy hình này','I do not know how to use this c');
INSERT INTO `examples` VALUES (642,129,'máy vi tính/điện toán','computer');
INSERT INTO `examples` VALUES (643,129,'máy quay phim','video camera, camcorder');
INSERT INTO `examples` VALUES (644,129,'máy bay','aeroplane/airplane');
INSERT INTO `examples` VALUES (645,129,'thang máy','elevator');
INSERT INTO `examples` VALUES (646,130,'Xe gắn máy này mắc quá','This moped is so expensive');
INSERT INTO `examples` VALUES (647,130,'tiền thuê nhà mắc','the rent is expensive');
INSERT INTO `examples` VALUES (648,130,'học phí mắc','the tuition fee is expensive');
INSERT INTO `examples` VALUES (649,130,'đồ ăn mắc','the food is expensive');
INSERT INTO `examples` VALUES (650,130,'Cái gì cũng mắc','Everything is expensive');
INSERT INTO `examples` VALUES (651,131,'Nước biển thường mặn','Sea water is usually salty');
INSERT INTO `examples` VALUES (652,131,'ăn mặn','eat non-vegetarian food');
INSERT INTO `examples` VALUES (653,131,'đồ mặn','non-vegetarian food');
INSERT INTO `examples` VALUES (654,131,'cá nước mặn','saltwater fish');
INSERT INTO `examples` VALUES (655,131,'Canh này hơi mận','This soup is rather salty');
INSERT INTO `examples` VALUES (656,132,'Grant đang rửa mặt','Grant is washing his face');
INSERT INTO `examples` VALUES (657,132,'mặt nước','the surface of the water');
INSERT INTO `examples` VALUES (658,132,'mặt đất','the surface of the earth');
INSERT INTO `examples` VALUES (659,132,'mặt trời','the sun');
INSERT INTO `examples` VALUES (660,132,'mặt trăng','the moon');
INSERT INTO `examples` VALUES (661,133,'Tôi bị mất điện thoại','I have lost my phone');
INSERT INTO `examples` VALUES (662,133,'mất gia','lose value');
INSERT INTO `examples` VALUES (663,133,'mất ngu','lose sleep');
INSERT INTO `examples` VALUES (664,133,'biến mất','disappear');
INSERT INTO `examples` VALUES (665,133,'Mất bao lâu?','How long does it take?');
INSERT INTO `examples` VALUES (666,134,'Tôi sẽ về Mỹ trong mấy tháng nữa','I will go back to America in a few more months');
INSERT INTO `examples` VALUES (667,134,'mấy hôm nay','over the past few days');
INSERT INTO `examples` VALUES (668,134,'mấy lần','several times');
INSERT INTO `examples` VALUES (669,134,'Mấy giờ rồi?','What time is it?');
INSERT INTO `examples` VALUES (670,134,'Cháu được mấy tuổi?','How old are you, child?');
INSERT INTO `examples` VALUES (671,135,'Tôi cảm thấy mệt quá','I feel so tired');
INSERT INTO `examples` VALUES (672,135,'chưa mệt','not tired yet');
INSERT INTO `examples` VALUES (673,135,'mệt rồi','tired already');
INSERT INTO `examples` VALUES (674,135,'mệt lả','exhausted');
INSERT INTO `examples` VALUES (675,135,'làm việc không biết mệt','work tirelessly');
INSERT INTO `examples` VALUES (676,136,'Việt Nam có mấy miền?','How many regions are there in Vietnam?');
INSERT INTO `examples` VALUES (677,136,'miền quê','the countryside');
INSERT INTO `examples` VALUES (678,136,'miền Bắc','the North');
INSERT INTO `examples` VALUES (679,136,'miền Trung','the Central');
INSERT INTO `examples` VALUES (680,136,'miền Nam','the South');
INSERT INTO `examples` VALUES (681,137,'Xin choafo mọi người','Hello everyone');
INSERT INTO `examples` VALUES (682,137,'tất cả mọi ngườiả','everyone (more emphatic)');
INSERT INTO `examples` VALUES (683,137,'mọi nơi','everywhere');
INSERT INTO `examples` VALUES (684,137,'mọi ngày','every day');
INSERT INTO `examples` VALUES (685,137,'mọi năm','every year');
INSERT INTO `examples` VALUES (686,138,'Món này là món gì?','What dish is this?');
INSERT INTO `examples` VALUES (687,138,'món Nhật','Japanese dish(es)');
INSERT INTO `examples` VALUES (688,138,'món Việt','Vietnamese dish(es)');
INSERT INTO `examples` VALUES (689,138,'món Thái','Thai dish(es)');
INSERT INTO `examples` VALUES (690,138,'gọi món chả giò','order egg rolls');
INSERT INTO `examples` VALUES (691,139,'Mở cửa ra','Open the door');
INSERT INTO `examples` VALUES (692,139,'mở lon bia','open a can of beer');
INSERT INTO `examples` VALUES (693,139,'mở máy lạnh','turn on the air conditioner');
INSERT INTO `examples` VALUES (694,139,'mở tiệc','give (throw) a party');
INSERT INTO `examples` VALUES (695,139,'Bưu điện chưa mở cửa','The post office is not open yet');
INSERT INTO `examples` VALUES (696,140,'Tôi cần mua một đôi giày mới','I need to buy a new pair of shoes');
INSERT INTO `examples` VALUES (697,140,'năm mới','new year');
INSERT INTO `examples` VALUES (698,140,'bạn mới','new friend');
INSERT INTO `examples` VALUES (699,140,'mới mua','newly bought');
INSERT INTO `examples` VALUES (700,140,'mới đây','recently');
INSERT INTO `examples` VALUES (701,141,'Xin mời vào','Please come in');
INSERT INTO `examples` VALUES (702,141,'Mời Margie thử món này','Please try this dish, Margie');
INSERT INTO `examples` VALUES (703,141,'Mời Grant ngồi xuống đây','Please sit down here, Grant');
INSERT INTO `examples` VALUES (704,141,'thư mời','letter of invitation');
INSERT INTO `examples` VALUES (705,141,'thiệp mời','invitation card');
INSERT INTO `examples` VALUES (706,142,'Ellen thich mùa nào nhất?','Which season do you like best, Ellen?');
INSERT INTO `examples` VALUES (707,142,'mùa xuân','spring');
INSERT INTO `examples` VALUES (708,142,'mùa hè','summer');
INSERT INTO `examples` VALUES (709,142,'mùa thu','fall');
INSERT INTO `examples` VALUES (710,142,'mùa đông','winter');
INSERT INTO `examples` VALUES (711,143,'Trời đang mưa to','It is raining heavily');
INSERT INTO `examples` VALUES (712,143,'mùa mưa','rainy season');
INSERT INTO `examples` VALUES (713,143,'mưa bụi','misty rain');
INSERT INTO `examples` VALUES (714,143,'mưa đá','hail');
INSERT INTO `examples` VALUES (715,143,'nước mưa','rainwater');
INSERT INTO `examples` VALUES (716,144,'Rất mừng gặp mọi người','I am so happy to see everyone');
INSERT INTO `examples` VALUES (717,144,'ăn mừng','celebrate');
INSERT INTO `examples` VALUES (718,144,'mừng tuổi','a phrase spoken on New Years Day (happy age)');
INSERT INTO `examples` VALUES (719,144,'vui mừng','happy (more emphatic)');
INSERT INTO `examples` VALUES (720,144,'Chúc mừng năm mới','Happy New');
INSERT INTO `examples` VALUES (721,145,'Chiều nay mình đi ăn ở đâu?','Where will we eat this evening?');
INSERT INTO `examples` VALUES (722,145,'sáng nay','this morning');
INSERT INTO `examples` VALUES (723,145,'tối nay','tonight');
INSERT INTO `examples` VALUES (724,145,'tuần này','this week');
INSERT INTO `examples` VALUES (725,145,'cuốn sách này','this book');
INSERT INTO `examples` VALUES (726,146,'Họ lấy nhau năm một chín tám chín','They got married in 1989');
INSERT INTO `examples` VALUES (727,146,'năm nay','this year');
INSERT INTO `examples` VALUES (728,146,'năm ngoái','last year');
INSERT INTO `examples` VALUES (729,146,'năm tới','next year');
INSERT INTO `examples` VALUES (730,146,'trong hai năm nữa','in two more years');
INSERT INTO `examples` VALUES (731,147,'Anh James đang nấu món gì?','What dish are you cooking, James?');
INSERT INTO `examples` VALUES (732,147,'nấu ăn','cook (v)');
INSERT INTO `examples` VALUES (733,147,'nấu cơm','cook rice; prepare a meal');
INSERT INTO `examples` VALUES (734,147,'sách dạy nấu ăn','cookbook');
INSERT INTO `examples` VALUES (735,147,'lớp dạy náu ăn','cooking class(es)');
INSERT INTO `examples` VALUES (736,148,'Courtney ở Đà Lạt năm ngày','Courtney was in Dalat for five days');
INSERT INTO `examples` VALUES (737,148,'ngày lễ','(public) holiday');
INSERT INTO `examples` VALUES (738,148,'ngày mai','tomorrow');
INSERT INTO `examples` VALUES (739,148,'ngày mốt','day after tomorrow');
INSERT INTO `examples` VALUES (740,148,'ngày xưa','a long time ago');
INSERT INTO `examples` VALUES (741,149,'Nghe này','Listen up');
INSERT INTO `examples` VALUES (742,149,'nghe nhạc','listen to music');
INSERT INTO `examples` VALUES (743,149,'nghe nói','(I) hear(d) that');
INSERT INTO `examples` VALUES (744,149,'nghe thấy','hear');
INSERT INTO `examples` VALUES (745,149,'lắng nghe','listen carefully');
INSERT INTO `examples` VALUES (746,150,'Chúc mọi người ăn ngon','Bon appetit, everyone');
INSERT INTO `examples` VALUES (747,150,'món ăn ngon','delicious dish');
INSERT INTO `examples` VALUES (748,150,'cà phê ngon','delicious coffee');
INSERT INTO `examples` VALUES (749,150,'tiệm ăn ngon','restaurant serving delicious food');
INSERT INTO `examples` VALUES (750,150,'Chúc ngủ ngon','Sleep well');
INSERT INTO `examples` VALUES (751,151,'Bánh sô cô la này ngọt quá','This chocolate cake is too sweet');
INSERT INTO `examples` VALUES (752,151,'bánh ngọt','cake');
INSERT INTO `examples` VALUES (753,151,'nước ngọt','soda');
INSERT INTO `examples` VALUES (754,151,'đồ ngọt','sweet things');
INSERT INTO `examples` VALUES (755,151,'bột ngọt','MSG');
INSERT INTO `examples` VALUES (756,152,'Margie đang ngủ','Margie is sleeping');
INSERT INTO `examples` VALUES (757,152,'ngủ dậy','get up/out of bed');
INSERT INTO `examples` VALUES (758,152,'thiếu ngủ','sleep-deprived');
INSERT INTO `examples` VALUES (759,152,'mất ngủ','not able to sleep');
INSERT INTO `examples` VALUES (760,152,'thuốc ngủ','sleeping pill(s)');
INSERT INTO `examples` VALUES (761,153,'Alice là người Mỹ','Alice is an American');
INSERT INTO `examples` VALUES (762,153,'người ngoại quốc','foreigner');
INSERT INTO `examples` VALUES (763,153,'người lớn','adult');
INSERT INTO `examples` VALUES (764,153,'người yêu','sweetheart');
INSERT INTO `examples` VALUES (765,153,'người bán hàng rong','street peddler');
INSERT INTO `examples` VALUES (766,154,'Đây là địa chỉ nhà của tôi','Here is my mailing address');
INSERT INTO `examples` VALUES (767,154,'có nhà','be home');
INSERT INTO `examples` VALUES (768,154,'vắng nhà','be out');
INSERT INTO `examples` VALUES (769,154,'nhà hàng','restaurant');
INSERT INTO `examples` VALUES (770,154,'nhà vệ sinh','restroom');
INSERT INTO `examples` VALUES (771,155,'Grant ăn rất nhanh','Grant eats really quickly');
INSERT INTO `examples` VALUES (772,155,'nghĩ nhanh','think on your feet');
INSERT INTO `examples` VALUES (773,155,'nhà hàng ăn nhanh','fastfood restaurant');
INSERT INTO `examples` VALUES (774,155,'Nhanh lên','Hurry up');
INSERT INTO `examples` VALUES (775,155,'Đồng hồ này chạy nhanh','This clock is fast');
INSERT INTO `examples` VALUES (776,156,'Ann và Sam đang nói chuyện với nhau','Ann and Sam are talking with each other');
INSERT INTO `examples` VALUES (777,156,'giống nhau','be alike; resemble each other');
INSERT INTO `examples` VALUES (778,156,'khác nhau','different from each other');
INSERT INTO `examples` VALUES (779,156,'yêu nhau','love each other');
INSERT INTO `examples` VALUES (780,156,'ghét nhau','hate each other');
INSERT INTO `examples` VALUES (781,157,'Tôi cần mua nhiều áo lót','I need to buy a lot of undershirts');
INSERT INTO `examples` VALUES (782,157,'nhiều tiền','a lot of money');
INSERT INTO `examples` VALUES (783,157,'nhiều khi','many times');
INSERT INTO `examples` VALUES (784,157,'Cám ơn chị Kim rất nhiều','Thank you so much, Kim');
INSERT INTO `examples` VALUES (785,157,'Cám ơn anh Lâm nhiều lắm','Thank you so much, Lâm');
INSERT INTO `examples` VALUES (786,158,'Ăn cho no đi','Eat until you are full');
INSERT INTO `examples` VALUES (787,158,'No chưa?','Full yet?');
INSERT INTO `examples` VALUES (788,158,'Chưa no','Not (full) yet');
INSERT INTO `examples` VALUES (789,158,'No rồi','Full already');
INSERT INTO `examples` VALUES (790,158,'No lắm rồi','So full already');
INSERT INTO `examples` VALUES (791,159,'Chị ấy nói gì?','What did she say?');
INSERT INTO `examples` VALUES (792,159,'nói chuyện','talk, chat');
INSERT INTO `examples` VALUES (793,159,'nói chung','generally speaking');
INSERT INTO `examples` VALUES (794,159,'nói láo','tell lies');
INSERT INTO `examples` VALUES (795,159,'nói thật','tell the truth');
INSERT INTO `examples` VALUES (796,160,'Cho tôi một ly nước','Please give me a glass of water');
INSERT INTO `examples` VALUES (797,160,'nước cam','orange juice');
INSERT INTO `examples` VALUES (798,160,'nước mía','sugarcane juice');
INSERT INTO `examples` VALUES (799,160,'nước trà','tea');
INSERT INTO `examples` VALUES (800,160,'nước mắm','fish sauce');
INSERT INTO `examples` VALUES (801,161,'Xin ngồi chờ trong phòng này','Please sit and wait in this room');
INSERT INTO `examples` VALUES (802,161,'phòng khách','living room');
INSERT INTO `examples` VALUES (803,161,'phòng tắm','bathroom');
INSERT INTO `examples` VALUES (804,161,'phòng ngủ','bedroom');
INSERT INTO `examples` VALUES (805,161,'phòng mạch','doctor office');
INSERT INTO `examples` VALUES (806,162,'Nhiều người Việt thích ăn phở','Many Vietnamese people like to eat (beef) noodle');
INSERT INTO `examples` VALUES (807,162,'phở bò','beef noodle');
INSERT INTO `examples` VALUES (808,162,'phở tái','noodle with rare beef');
INSERT INTO `examples` VALUES (809,162,'phở tái chín','noodle with both rare and well-done beef');
INSERT INTO `examples` VALUES (810,162,'phở gà','chicken noodle');
INSERT INTO `examples` VALUES (811,163,'Qua đây','Come over here');
INSERT INTO `examples` VALUES (812,163,'qua nhà bạn','come over to a friends house');
INSERT INTO `examples` VALUES (813,163,'qua đường','cross the street');
INSERT INTO `examples` VALUES (814,163,'qua cầu','cross the bridge');
INSERT INTO `examples` VALUES (815,163,'qua Mỹ','come over to America');
INSERT INTO `examples` VALUES (816,164,'Cái quần này giá bao nhiêu?','How much are these pants?');
INSERT INTO `examples` VALUES (817,164,'quần đùi','shorts');
INSERT INTO `examples` VALUES (818,164,'quần dài','pants');
INSERT INTO `examples` VALUES (819,164,'quần áo','clothes');
INSERT INTO `examples` VALUES (820,164,'quần jean','jeans');
INSERT INTO `examples` VALUES (821,165,'Tôi quên gọi điện thoại cho Emma','I forgot to call Emma');
INSERT INTO `examples` VALUES (822,165,'quên ví','forget (to bring) ones wallet');
INSERT INTO `examples` VALUES (823,165,'quên đem tiền','forget to bring money');
INSERT INTO `examples` VALUES (824,165,'quên địa chỉ','forget the address');
INSERT INTO `examples` VALUES (825,165,'ngủ quên','oversleep');
INSERT INTO `examples` VALUES (826,166,'Tôi ra ngoài một chút','I am going outside for a while');
INSERT INTO `examples` VALUES (827,166,'ra khỏi nhà','leave ones house');
INSERT INTO `examples` VALUES (828,166,'ra phi trường','go to the airport');
INSERT INTO `examples` VALUES (829,166,'ra Bắc','go up North');
INSERT INTO `examples` VALUES (830,166,'ra ngoài vườn','go out into the garden');
INSERT INTO `examples` VALUES (831,167,'Chị Kate làm gì khi rảnh?','What do you do when you are free, Kate?');
INSERT INTO `examples` VALUES (832,167,'thì giờ rảnh','free time');
INSERT INTO `examples` VALUES (833,167,'rảnh việc','free from work');
INSERT INTO `examples` VALUES (834,167,'không rảnh một giây/phút','not free for a second/minute');
INSERT INTO `examples` VALUES (835,167,'rảnh rang/rỗi','free');
INSERT INTO `examples` VALUES (836,168,'Tôi ít khi uống rượu','I seldom drink (alcohol)');
INSERT INTO `examples` VALUES (837,168,'rượu đế','rice wine');
INSERT INTO `examples` VALUES (838,168,'rượu rắn','snake wine');
INSERT INTO `examples` VALUES (839,168,'rượu vang đỏ','red wine');
INSERT INTO `examples` VALUES (840,168,'rượu vang trắng','white wine');
INSERT INTO `examples` VALUES (841,169,'Họ sinh niều con','They have many kids');
INSERT INTO `examples` VALUES (842,169,'sinh vào tháng tám','born in August');
INSERT INTO `examples` VALUES (843,169,'sinh ra ở Pháp','born in France');
INSERT INTO `examples` VALUES (844,169,'sinh nhật','birthday');
INSERT INTO `examples` VALUES (845,169,'sinh sống','live and work');
INSERT INTO `examples` VALUES (846,170,'Mình nên đến sớm','We should come early');
INSERT INTO `examples` VALUES (847,170,'dậy sớm','get up early');
INSERT INTO `examples` VALUES (848,170,'đi ngủ sớm','go to bed early');
INSERT INTO `examples` VALUES (849,170,'sáng sớm','early morning');
INSERT INTO `examples` VALUES (850,170,'Đồng hồ đi sớm năm phút','The clock is five minutes early');
INSERT INTO `examples` VALUES (851,171,'Điện thoại của Natalie số mấy?','What is your phone number, Natalie?');
INSERT INTO `examples` VALUES (852,171,'số không','zero');
INSERT INTO `examples` VALUES (853,171,'số một','number one; the best');
INSERT INTO `examples` VALUES (854,171,'số nhà','address');
INSERT INTO `examples` VALUES (855,171,'số tiền','sum of money');
INSERT INTO `examples` VALUES (856,172,'Bây giồ họ sống ở đâu?','Where do they live now?');
INSERT INTO `examples` VALUES (857,172,'cơm sống','undercooked rice');
INSERT INTO `examples` VALUES (858,172,'rau sống','fresh vegetables');
INSERT INTO `examples` VALUES (859,172,'nhạc sống','live music');
INSERT INTO `examples` VALUES (860,172,'đời sống','life');
INSERT INTO `examples` VALUES (861,173,'Tay tôi bị đau','My hand hurts');
INSERT INTO `examples` VALUES (862,173,'tay trái','left hand');
INSERT INTO `examples` VALUES (863,173,'tay phải','right hand');
INSERT INTO `examples` VALUES (864,173,'bên tay trái','on the left-hand side');
INSERT INTO `examples` VALUES (865,173,'bên tay phải','on the right-hand side');
INSERT INTO `examples` VALUES (866,174,'Sean tắm một ngày ba lần','Sean showers three times a day');
INSERT INTO `examples` VALUES (867,174,'khăn tắm','bath towel');
INSERT INTO `examples` VALUES (868,174,'bồn tắm','bathtub');
INSERT INTO `examples` VALUES (869,174,'tắm nước nóng','take a hot bath/shower');
INSERT INTO `examples` VALUES (870,174,'tắm nước lạnh','take a cold bath/shower');
INSERT INTO `examples` VALUES (871,175,'Margie tập nói tiếng Việt hàng ngày','Margie practices speaking Vietnamese every day');
INSERT INTO `examples` VALUES (872,175,'tập bơi','learn how to swim');
INSERT INTO `examples` VALUES (873,175,'tập hát','learn how to sing');
INSERT INTO `examples` VALUES (874,175,'tập thể dục','exercise');
INSERT INTO `examples` VALUES (875,175,'phòng tập thể dục','gym');
INSERT INTO `examples` VALUES (876,176,'Anh ấy tên là gì?','What is his name?');
INSERT INTO `examples` VALUES (877,176,'tên riêng','given/first name');
INSERT INTO `examples` VALUES (878,176,'tên lót','middle name');
INSERT INTO `examples` VALUES (879,176,'tên của ngân hàng','name of the bank');
INSERT INTO `examples` VALUES (880,176,'tên của công ty','name of the company');
INSERT INTO `examples` VALUES (881,177,'Tết sắp đến rồi','Vietnamese New Year is just around the corner');
INSERT INTO `examples` VALUES (882,177,'ăn Tết','celebrate the Vietnamese New Year');
INSERT INTO `examples` VALUES (883,177,'chúc Tết','offer wishes for the Vietnamese New Year');
INSERT INTO `examples` VALUES (884,177,'Tết ta','Vietnamese New Year');
INSERT INTO `examples` VALUES (885,177,'Tết Tây','New Year (Jan 1)');
INSERT INTO `examples` VALUES (886,178,'Jessica sinh vào tháng một','Jessica was born in January');
INSERT INTO `examples` VALUES (887,178,'tháng này','this month');
INSERT INTO `examples` VALUES (888,178,'tháng trước','last month');
INSERT INTO `examples` VALUES (889,178,'tháng sau','next month');
INSERT INTO `examples` VALUES (890,178,'tháng mười hai','December');
INSERT INTO `examples` VALUES (891,179,'Al và Bill rất thân nhau','Al and Bill are very close');
INSERT INTO `examples` VALUES (892,179,'bạn thân','close friend');
INSERT INTO `examples` VALUES (893,179,'bạn thân nhất','best friend');
INSERT INTO `examples` VALUES (894,179,'thân thiện','friendly');
INSERT INTO `examples` VALUES (895,179,'người thân','relative (n)');
INSERT INTO `examples` VALUES (896,180,'Thật không?','Is it true?');
INSERT INTO `examples` VALUES (897,180,'thật ra','as a matter of fact');
INSERT INTO `examples` VALUES (898,180,'nói thật','tell the truth');
INSERT INTO `examples` VALUES (899,180,'sự thật','truth');
INSERT INTO `examples` VALUES (900,180,'thật thà','honest and sincere');
INSERT INTO `examples` VALUES (901,181,'Liz không ăn thịt; Liz ăn chay.','Liz does not eat meat; Liz is a vegetarian.');
INSERT INTO `examples` VALUES (902,181,'thịt bò','beef');
INSERT INTO `examples` VALUES (903,181,'thịt gà','chicken');
INSERT INTO `examples` VALUES (904,181,'thịt heo','pork');
INSERT INTO `examples` VALUES (905,181,'thịt trừu','lamb');
INSERT INTO `examples` VALUES (906,182,'Tôi phải đi mua thuốc','I must go buy my medicine/cigarettes');
INSERT INTO `examples` VALUES (907,182,'uống thuốc','take ones medicine');
INSERT INTO `examples` VALUES (908,182,'toa thuốc','doctors prescription');
INSERT INTO `examples` VALUES (909,182,'nhà thuốc tây','pharmacy');
INSERT INTO `examples` VALUES (910,182,'hút thuốc (lá)','smoke (cigarettes)');
INSERT INTO `examples` VALUES (911,183,'Matilda sẽ mở tiệc thứ bảy này','Matilda will be hosting a party this Saturday');
INSERT INTO `examples` VALUES (912,183,'đi ăn tiệc','go to a party');
INSERT INTO `examples` VALUES (913,183,'tiệc cưới','wedding reception');
INSERT INTO `examples` VALUES (914,183,'dự tiệc','attend a party');
INSERT INTO `examples` VALUES (915,183,'tiệc rượu','drinking party');
INSERT INTO `examples` VALUES (916,184,'Mấy giờ tiệm mở cửa?','What time does the store open?');
INSERT INTO `examples` VALUES (917,184,'tiệm ăn','restaurant');
INSERT INTO `examples` VALUES (918,184,'tiệm sách','bookstore');
INSERT INTO `examples` VALUES (919,184,'tiệm hớt tóc','barbershop');
INSERT INTO `examples` VALUES (920,184,'tiệm uốn tóc','beauty salon');
INSERT INTO `examples` VALUES (921,185,'Tôi cần đổi tiền','I need to exchange some money');
INSERT INTO `examples` VALUES (922,185,'tiền Việt','Vietnamese money');
INSERT INTO `examples` VALUES (923,185,'tiền đô','dollar(s)');
INSERT INTO `examples` VALUES (924,185,'tiền mặt','cash (n)');
INSERT INTO `examples` VALUES (925,185,'tiêu tiền','spend money');
INSERT INTO `examples` VALUES (926,186,'Sấng mai rất tiện cho tôi','Tomorrow morning will be very convenient for me');
INSERT INTO `examples` VALUES (927,186,'bất tiện','inconvenient');
INSERT INTO `examples` VALUES (928,186,'thuận tiện','favorable');
INSERT INTO `examples` VALUES (929,186,'tiện nghi','conveniences');
INSERT INTO `examples` VALUES (930,186,'tiện lợi','useful');
INSERT INTO `examples` VALUES (931,187,'Courtney biết nói mấy thứ tiếng?','How many languages can you speak, Courtney?');
INSERT INTO `examples` VALUES (932,187,'tiếng Anh','English');
INSERT INTO `examples` VALUES (933,187,'tiếng Tây Ban Nha','Spanish');
INSERT INTO `examples` VALUES (934,187,'tiếng Đại Hàn','Korean');
INSERT INTO `examples` VALUES (935,187,'tiếng Nhật','Japanese');
INSERT INTO `examples` VALUES (936,188,'Kevin làm gì tối nay?','What are you doing tonight, Kevin?');
INSERT INTO `examples` VALUES (937,188,'tối mai','tomorrow night');
INSERT INTO `examples` VALUES (938,188,'tối hôm qua','last night');
INSERT INTO `examples` VALUES (939,188,'tối thứ bảy','Saturday night');
INSERT INTO `examples` VALUES (940,188,'tối chủ nhật','Sunday night');
INSERT INTO `examples` VALUES (941,189,'Tôi cần xe đạp tốt','I need a good bicycle');
INSERT INTO `examples` VALUES (942,189,'bạn tốt','good friend');
INSERT INTO `examples` VALUES (943,189,'người tốt','good person');
INSERT INTO `examples` VALUES (944,189,'thời tiest tốt','good weather');
INSERT INTO `examples` VALUES (945,189,'tốt bụng','kind-hearted');
INSERT INTO `examples` VALUES (946,190,'Ai sẽ trả tiền cho bữa ăn?','Who will pay for the meal?');
INSERT INTO `examples` VALUES (947,190,'trả lại','return (something borrowed)');
INSERT INTO `examples` VALUES (948,190,'trả ơn','give someone something as a token of your gratitude');
INSERT INTO `examples` VALUES (949,190,'trả nợ','pay back a loan');
INSERT INTO `examples` VALUES (950,190,'trả lời','answer (v)');
INSERT INTO `examples` VALUES (951,191,'Kenan rát thích ăn trái cây','Kenan really likes to eat fruit');
INSERT INTO `examples` VALUES (952,191,'trái xoài','mango(es)');
INSERT INTO `examples` VALUES (953,191,'trái cam','orange(s)');
INSERT INTO `examples` VALUES (954,191,'trái táo','apple(s)');
INSERT INTO `examples` VALUES (955,191,'Trái này là trái gì?','What fruit is this?');
INSERT INTO `examples` VALUES (956,192,'Chị Scarlett thích trời lạnh','Scarlett likes cold weather');
INSERT INTO `examples` VALUES (957,192,'trời mát','cool weather');
INSERT INTO `examples` VALUES (958,192,'trời nắng','sunny weather');
INSERT INTO `examples` VALUES (959,192,'trời mưa','rainy weather');
INSERT INTO `examples` VALUES (960,192,'trời nóng','hot weather');
INSERT INTO `examples` VALUES (961,193,'Victoria đi làm trong tuần','Victoria goes to work during the week');
INSERT INTO `examples` VALUES (962,193,'tuần này','this week');
INSERT INTO `examples` VALUES (963,193,'tuần trước','last week');
INSERT INTO `examples` VALUES (964,193,'tuần sau/tới','next week');
INSERT INTO `examples` VALUES (965,193,'cuối tuần','weekend');
INSERT INTO `examples` VALUES (966,194,'Arnold dược bao nhiêu tuổi?','How old are you, Arnold?');
INSERT INTO `examples` VALUES (967,194,'nhỏ tuổi','young');
INSERT INTO `examples` VALUES (968,194,'lớn tuổi','elderly');
INSERT INTO `examples` VALUES (969,194,'tuổi trẻ','youth');
INSERT INTO `examples` VALUES (970,194,'tuổi già','old age');
INSERT INTO `examples` VALUES (971,195,'Chúng ta cần uống nhiều nước mỗi ngày','We need to drink a lot of water each day');
INSERT INTO `examples` VALUES (972,195,'uống trà','drink tea');
INSERT INTO `examples` VALUES (973,195,'uống cà phê','drink coffee');
INSERT INTO `examples` VALUES (974,195,'uống bia','drink beer');
INSERT INTO `examples` VALUES (975,195,'uống rượu','drink alcohol');
INSERT INTO `examples` VALUES (976,196,'Hôm nay tôi vui quá','Today I am so happy');
INSERT INTO `examples` VALUES (977,196,'một ngày vui','a fun-filled day');
INSERT INTO `examples` VALUES (978,196,'chung vui','share the joy');
INSERT INTO `examples` VALUES (979,196,'tin vui','good news');
INSERT INTO `examples` VALUES (980,196,'buổi họp mặt vui vẻ','happy get-together');
INSERT INTO `examples` VALUES (981,197,'Mình cần thuê xe hơi','We need to rent a car');
INSERT INTO `examples` VALUES (982,197,'xe buýt','bus');
INSERT INTO `examples` VALUES (983,197,'xe đạp','bike');
INSERT INTO `examples` VALUES (984,197,'xe gắn máy','moped');
INSERT INTO `examples` VALUES (985,197,'xe lửa','train');
INSERT INTO `examples` VALUES (986,198,'Xin mọi người đến đúng giờ','Please come on time, everyone');
INSERT INTO `examples` VALUES (987,198,'Xin mời vào','Please come in');
INSERT INTO `examples` VALUES (988,198,'Xin cám ơn Carol trước','Thank you in advance, Carol');
INSERT INTO `examples` VALUES (989,198,'Tôi xin lỗi','I am sorry');
INSERT INTO `examples` VALUES (990,198,'Tôi xin tự giới thiệu','Id like to introduce myself');
INSERT INTO `examples` VALUES (991,199,'Cho tôi xuống đây','Please drop me of here');
INSERT INTO `examples` VALUES (992,199,'xuống xe','get off (a vehicle)');
INSERT INTO `examples` VALUES (993,199,'ngồi xuống','sit down');
INSERT INTO `examples` VALUES (994,199,'xuống phố','go downtown');
INSERT INTO `examples` VALUES (995,199,'xuống cân','lose weight');
INSERT INTO `examples` VALUES (996,200,'Richard nói với Julie: Anh yêu em','Richard told Julie: I love you');
INSERT INTO `examples` VALUES (997,200,'người yêu','sweetheart');
INSERT INTO `examples` VALUES (998,200,'tình yêu','love (n)');
INSERT INTO `examples` VALUES (999,200,'yêu đời','zest for life');
INSERT INTO `examples` VALUES (1000,200,'yêu mến','cherish');
INSERT INTO `examples` VALUES (1001,201,'số một','number one');
INSERT INTO `examples` VALUES (1002,201,'Em là số một.','You are number one.');
INSERT INTO `examples` VALUES (1003,210,'mười một (10+1)','eleven');
INSERT INTO `examples` VALUES (1004,210,'mười hai (10+2)','twelve');
INSERT INTO `examples` VALUES (1005,210,'mười ba (10+3)','thirteen');
INSERT INTO `examples` VALUES (1006,211,'hai mươi mốt (hai mốt)','twenty-one');
INSERT INTO `examples` VALUES (1007,211,'hai mươi hai (20+2)/ hai hai (2+2)','twenty-two');
INSERT INTO `examples` VALUES (1008,211,'hai mươi ba (20+3)/ hai ba (2+3)','twenty-three');
INSERT INTO `examples` VALUES (1009,212,'ba mươi mốt (ba mốt)','thirty-one');
INSERT INTO `examples` VALUES (1010,212,'ba mươi hai/ ba hai','thirty-two');
INSERT INTO `examples` VALUES (1011,212,'ba mươi ba/ ba ba','thirty-three');
INSERT INTO `examples` VALUES (1012,213,'bốn mươi mốt (bốn mốt)','forty-one');
INSERT INTO `examples` VALUES (1013,219,'một trăm lẻ/linh một (100+1)','one hundred one');
INSERT INTO `examples` VALUES (1014,219,'một trăm lẻ/linh hai (100+2)','one hundred two');
INSERT INTO `examples` VALUES (1015,219,'một trăm mười (100+10)','one hundred ten');
INSERT INTO `examples` VALUES (1016,219,'một trăm mười một (100+11)','one hundred eleven');
INSERT INTO `examples` VALUES (1017,219,'một trăm hai mươi (100+20)','one hundred twenty');
INSERT INTO `examples` VALUES (1018,219,'một trăm hai (mươi) mốt (100+21)','one hundred twenty-one');
INSERT INTO `examples` VALUES (1019,223,'một nghìn lẻ một','one thousand one');
INSERT INTO `examples` VALUES (1020,223,'một nghìn mười','one thousand ten');
INSERT INTO `examples` VALUES (1021,223,'một nghìn một trăm','one thousand one hundred');
/*!40000 ALTER TABLE `examples` ENABLE KEYS */;
UNLOCK TABLES;
/*!40103 SET TIME_ZONE=@OLD_TIME_ZONE */;

/*!40101 SET SQL_MODE=@OLD_SQL_MODE */;
/*!40014 SET FOREIGN_KEY_CHECKS=@OLD_FOREIGN_KEY_CHECKS */;
/*!40014 SET UNIQUE_CHECKS=@OLD_UNIQUE_CHECKS */;
/*!40101 SET CHARACTER_SET_CLIENT=@OLD_CHARACTER_SET_CLIENT */;
/*!40101 SET CHARACTER_SET_RESULTS=@OLD_CHARACTER_SET_RESULTS */;
/*!40101 SET COLLATION_CONNECTION=@OLD_COLLATION_CONNECTION */;
/*!40111 SET SQL_NOTES=@OLD_SQL_NOTES */;

-- Dump completed on 2023-01-08 11:12:08
